SYMBOL,NAME OF COMPANY
20MICRONS,20 Microns Limited
21STCENMGM,21st Century Management Services Limited
360ONE,360 ONE WAM LIMITED
3IINFOLTD,3i Infotech Limited
3MINDIA,3M India Limited
3PLAND,3P Land Holdings Limited
5PAISA,5Paisa Capital Limited
63MOONS,63 moons technologies limited
A2ZINFRA,A2Z Infra Engineering Limited
AAATECH,AAA Technologies Limited
AADHARHFC,Aadhar Housing Finance Limited
AAKASH,Aakash Exploration Services Limited
AAREYDRUGS,Aarey Drugs & Pharmaceuticals Limited
AARON,Aaron Industries Limited
AARTECH,Aartech Solonics Limited
AARTIDRUGS,Aarti Drugs Limited
AARTIIND,Aarti Industries Limited
AARTIPHARM,Aarti Pharmalabs Limited
AARTISURF,Aarti Surfactants Limited
AARVEEDEN,Aarvee Denims & Exports Limited
AARVI,Aarvi Encon Limited
AAVAS,Aavas Financiers Limited
ABAN,Aban Offshore Limited
ABB,ABB India Limited
ABBOTINDIA,Abbott India Limited
ABCAPITAL,Aditya Birla Capital Limited
ABDL,Allied Blenders and Distillers Limited
ABFRL,Aditya Birla Fashion and Retail Limited
ABMINTLLTD,ABM International Limited
ABSLAMC,Aditya Birla Sun Life AMC Limited
ACC,ACC Limited
ACCELYA,Accelya Solutions India Limited
ACCURACY,Accuracy Shipping Limited
ACE,Action Construction Equipment Limited
ACEINTEG,Ace Integrated Solutions Limited
ACI,Archean Chemical Industries Limited
ACL,Andhra Cements Limited
ACLGATI,Allcargo Gati Limited
ADANIENSOL,Adani Energy Solutions Limited
ADANIENT,Adani Enterprises Limited
ADANIGREEN,Adani Green Energy Limited
ADANIPORTS,Adani Ports and Special Economic Zone Limited
ADANIPOWER,Adani Power Limited
ADFFOODS,ADF Foods Limited
ADL,Archidply Decor Limited
ADORWELD,Ador Welding Limited
ADROITINFO,Adroit Infotech Limited
ADSL,Allied Digital Services Limited
ADVANIHOTR,Advani Hotels & Resorts (India) Limited
ADVENZYMES,Advanced Enzyme Technologies Limited
AEGISLOG,Aegis Logistics Limited
AEROFLEX,Aeroflex Industries Limited
AETHER,Aether Industries Limited
AFFLE,Affle (India) Limited
AFIL,Akme Fintrade (India) Limited
AGARIND,Agarwal Industrial Corporation Limited
AGI,AGI Greenpac Limited
AGRITECH,Agri-Tech (India) Limited
AGROPHOS,Agro Phos India Limited
AGSTRA,AGS Transact Technologies Limited
AHL,Abans Holdings Limited
AHLADA,Ahlada Engineers Limited
AHLEAST,Asian Hotels (East) Limited
AHLUCONT,Ahluwalia Contracts (India) Limited
AIAENG,AIA Engineering Limited
AIIL,Authum Investment & Infrastructure Limited
AIRAN,Airan Limited
AIROLAM,Airo Lam limited
AJANTPHARM,Ajanta Pharma Limited
AJMERA,Ajmera Realty & Infra India Limited
AJOONI,Ajooni Biotech Limited
AKASH,Akash Infra-Projects Limited
AKG,Akg Exim Limited
AKI,AKI India Limited
AKSHAR,Akshar Spintex Limited
AKSHARCHEM,AksharChem India Limited
AKSHOPTFBR,Aksh Optifibre Limited
AKZOINDIA,Akzo Nobel India Limited
ALANKIT,Alankit Limited
ALBERTDAVD,Albert David Limited
ALEMBICLTD,Alembic Limited
ALICON,Alicon Castalloy Limited
ALKALI,Alkali Metals Limited
ALKEM,Alkem Laboratories Limited
ALKYLAMINE,Alkyl Amines Chemicals Limited
ALLCARGO,Allcargo Logistics Limited
ALLSEC,Allsec Technologies Limited
ALMONDZ,Almondz Global Securities Limited
ALOKINDS,Alok Industries Limited
ALPA,Alpa Laboratories Limited
ALPHAGEO,Alphageo (India) Limited
ALPSINDUS,Alps Industries Limited
AMBER,Amber Enterprises India Limited
AMBICAAGAR,Ambica Agarbathies & Aroma industries Limited
AMBIKCO,Ambika Cotton Mills Limited
AMBUJACEM,Ambuja Cements Limited
AMDIND,AMD Industries Limited
AMIORG,Ami Organics Limited
AMJLAND,Amj Land Holdings Limited
AMNPLST,Amines & Plasticizers Limited
AMRUTANJAN,Amrutanjan Health Care Limited
ANANDRATHI,Anand Rathi Wealth Limited
ANANTRAJ,Anant Raj Limited
ANDHRAPAP,ANDHRA PAPER LIMITED
ANDHRSUGAR,The Andhra Sugars Limited
ANGELONE,Angel One Limited
ANIKINDS,Anik Industries Limited
ANKITMETAL,Ankit Metal & Power Limited
ANMOL,Anmol India Limited
ANSALAPI,Ansal Properties & Infrastructure Limited
ANTGRAPHIC,Antarctica Limited
ANUP,The Anup Engineering Limited
ANURAS,Anupam Rasayan India Limited
APARINDS,Apar Industries Limited
APCL,Anjani Portland Cement Limited
APCOTEXIND,Apcotex Industries Limited
APEX,Apex Frozen Foods Limited
APLAPOLLO,APL Apollo Tubes Limited
APLLTD,Alembic Pharmaceuticals Limited
APOLLO,Apollo Micro Systems Limited
APOLLOHOSP,Apollo Hospitals Enterprise Limited
APOLLOPIPE,Apollo Pipes Limited
APOLLOTYRE,Apollo Tyres Limited
APOLSINHOT,Apollo Sindoori Hotels Limited
APTECHT,Aptech Limited
APTUS,Aptus Value Housing Finance India Limited
ARCHIDPLY,Archidply Industries Limited
ARCHIES,Archies Limited
ARE&M,Amara Raja Energy & Mobility Limited
ARENTERP,Rajdarshan Industries Limited
ARIES,Aries Agro Limited
ARIHANTCAP,Arihant Capital Markets Limited
ARIHANTSUP,Arihant Superstructures Limited
ARMANFIN,Arman Financial Services Limited
AROGRANITE,Aro Granite Industries Limited
ARROWGREEN,Arrow Greentech Limited
ARSHIYA,Arshiya Limited
ARSSINFRA,ARSS Infrastructure Projects Limited
ARTEMISMED,Artemis Medicare Services Limited
ARTNIRMAN,Art Nirman Limited
ARVEE,Arvee Laboratories (India) Limited
ARVIND,Arvind Limited
ARVINDFASN,Arvind Fashions Limited
ARVSMART,Arvind SmartSpaces Limited
ASAHIINDIA,Asahi India Glass Limited
ASAHISONG,Asahi Songwon Colors Limited
ASAL,Automotive Stampings and Assemblies Limited
ASALCBR,Associated Alcohols & Breweries Ltd.
ASHAPURMIN,Ashapura Minechem Limited
ASHIANA,Ashiana Housing Limited
ASHIMASYN,Ashima Limited
ASHOKA,Ashoka Buildcon Limited
ASHOKAMET,Ashoka Metcast Limited
ASHOKLEY,Ashok Leyland Limited
ASIANENE,Asian Energy Services Limited
ASIANHOTNR,Asian Hotels (North) Limited
ASIANPAINT,Asian Paints Limited
ASIANTILES,Asian Granito India Limited
ASKAUTOLTD,ASK Automotive Limited
ASMS,Bartronics India Limited
ASPINWALL,Aspinwall and Company Limited
ASTEC,Astec LifeSciences Limited
ASTERDM,Aster DM Healthcare Limited
ASTRAL,Astral Limited
ASTRAMICRO,Astra Microwave Products Limited
ASTRAZEN,AstraZeneca Pharma India Limited
ASTRON,Astron Paper & Board Mill Limited
ATALREAL,Atal Realtech Limited
ATAM,Atam Valves Limited
ATFL,Agro Tech Foods Limited
ATGL,Adani Total Gas Limited
ATL,Allcargo Terminals Limited
ATLANTAA,ATLANTAA LIMITED
ATUL,Atul Limited
ATULAUTO,Atul Auto Limited
AUBANK,AU Small Finance Bank Limited
AURIONPRO,Aurionpro Solutions Limited
AUROPHARMA,Aurobindo Pharma Limited
AURUM,Aurum PropTech Limited
AUSOMENT,Ausom Enterprise Limited
AUTOAXLES,Automotive Axles Limited
AUTOIND,Autoline Industries Limited
AVADHSUGAR,Avadh Sugar & Energy Limited
AVALON,Avalon Technologies Limited
AVANTIFEED,Avanti Feeds Limited
AVG,AVG Logistics Limited
AVONMORE,Avonmore Capital & Management Services Limited
AVROIND,AVRO INDIA LIMITED
AVTNPL,AVT Natural Products Limited
AWFIS,Awfis Space Solutions Limited
AWHCL,Antony Waste Handling Cell Limited
AWL,Adani Wilmar Limited
AXISBANK,Axis Bank Limited
AXISCADES,AXISCADES Technologies Limited
AXITA,Axita Cotton Limited
AYMSYNTEX,AYM Syntex Limited
AZAD,Azad Engineering Limited
BAFNAPH,Bafna Pharmaceuticals Limited
BAGFILMS,B.A.G Films and Media Limited
BAIDFIN,Baid Finserv Limited
BAJAJ-AUTO,Bajaj Auto Limited
BAJAJCON,Bajaj Consumer Care Limited
BAJAJELEC,Bajaj Electricals Limited
BAJAJFINSV,Bajaj Finserv Limited
BAJAJHCARE,Bajaj Healthcare Limited
BAJAJHIND,Bajaj Hindusthan Sugar Limited
BAJAJHLDNG,Bajaj Holdings & Investment Limited
BAJEL,Bajel Projects Limited
BAJFINANCE,Bajaj Finance Limited
BALAJITELE,Balaji Telefilms Limited
BALAMINES,Balaji Amines Limited
BALAXI,BALAXI PHARMACEUTICALS LIMITED
BALKRISHNA,Balkrishna Paper Mills Limited
BALKRISIND,Balkrishna Industries Limited
BALMLAWRIE,Balmer Lawrie & Company Limited
BALPHARMA,Bal Pharma Limited
BALRAMCHIN,Balrampur Chini Mills Limited
BALUFORGE,Balu Forge Industries Limited
BANARBEADS,Banaras Beads Limited
BANARISUG,Bannari Amman Sugars Limited
BANCOINDIA,Banco Products (I) Limited
BANDHANBNK,Bandhan Bank Limited
BANG,Bang Overseas Limited
BANKA,Banka BioLoo Limited
BANKBARODA,Bank of Baroda
BANKINDIA,Bank of India
BANSALWIRE,Bansal Wire Industries Limited
BANSWRAS,Banswara Syntex Limited
BARBEQUE,Barbeque Nation Hospitality Limited
BASF,BASF India Limited
BASML,Bannari Amman Spinning Mills Limited
BATAINDIA,Bata India Limited
BAYERCROP,Bayer Cropscience Limited
BBL,Bharat Bijlee Limited
BBOX,Black Box Limited
BBTC,Bombay Burmah Trading Corporation Limited
BBTCL,B&B Triplewall Containers Limited
BCLIND,Bcl Industries Limited
BCONCEPTS,Brand Concepts Limited
BDL,Bharat Dynamics Limited
BEARDSELL,Beardsell Limited
BECTORFOOD,Mrs. Bectors Food Specialities Limited
BEDMUTHA,Bedmutha Industries Limited
BEL,Bharat Electronics Limited
BEML,BEML Limited
BEPL,Bhansali Engineering Polymers Limited
BERGEPAINT,Berger Paints (I) Limited
BESTAGRO,Best Agrolife Limited
BFINVEST,BF Investment Limited
BFUTILITIE,BF Utilities Limited
BGRENERGY,BGR Energy Systems Limited
BHAGCHEM,Bhagiradha Chemicals & Industries Limited
BHAGERIA,Bhageria Industries Limited
BHAGYANGR,Bhagyanagar India Limited
BHANDA-RE1,Bhandari Hosiery Exports Limited-RE
BHANDARI,Bhandari Hosiery Exports Limited
BHARATFORG,Bharat Forge Limited
BHARATGEAR,Bharat Gears Limited
BHARATRAS,Bharat Rasayan Limited
BHARATWIRE,Bharat Wire Ropes Limited
BHARTIARTL,Bharti Airtel Limited
BHARTIHEXA,Bharti Hexacom Limited
BHEL,Bharat Heavy Electricals Limited
BIGBLOC,Bigbloc Construction Limited
BIKAJI,Bikaji Foods International Limited
BIL,Bhartiya International Limited
BINANIIND,Binani Industries Limited
BIOCON,Biocon Limited
BIOFILCHEM,Biofil Chemicals & Pharmaceuticals Limited
BIRLACABLE,Birla Cable Limited
BIRLACORPN,Birla Corporation Limited
BIRLAMONEY,Aditya Birla Money Limited
BLAL,BEML Land Assets Limited
BLBLIMITED,BLB Limited
BLISSGVS,Bliss GVS Pharma Limited
BLKASHYAP,B. L. Kashyap and Sons Limited
BLS,BLS International Services Limited
BLSE,BLS E-Services Limited
BLUECHIP,Blue Chip India Limited
BLUEDART,Blue Dart Express Limited
BLUEJET,Blue Jet Healthcare Limited
BLUESTARCO,Blue Star Limited
BODALCHEM,Bodal Chemicals Limited
BOMDYEING,Bombay Dyeing & Mfg Company Limited
BOROLTD,Borosil Limited
BORORENEW,BOROSIL RENEWABLES LIMITED
BOROSCI,Borosil Scientific Limited
BOSCHLTD,Bosch Limited
BPCL,Bharat Petroleum Corporation Limited
BPL,BPL Limited
BRIGADE,Brigade Enterprises Limited
BRITANNIA,Britannia Industries Limited
BRNL,Bharat Road Network Limited
BROOKS,Brooks Laboratories Limited
BSE,BSE Limited
BSHSL,Bombay Super Hybrid Seeds Limited
BSL,BSL Limited
BSOFT,BIRLASOFT LIMITED
BTML,Bodhi Tree Multimedia Limited
BURNPUR,Burnpur Cement Limited
BUTTERFLY,Butterfly Gandhimathi Appliances Limited
BVCL,Barak Valley Cements Limited
BYKE,The Byke Hospitality Ltd
CALSOFT,California Software Company Limited
CAMLINFINE,Camlin Fine Sciences Limited
CAMPUS,Campus Activewear Limited
CAMS,Computer Age Management Services Limited
CANBK,Canara Bank
CANFINHOME,Can Fin Homes Limited
CANTABIL,Cantabil Retail India Limited
CAPACITE,Capacit'e Infraprojects Limited
CAPITALSFB,Capital Small Finance Bank Limited
CAPLIPOINT,Caplin Point Laboratories Limited
CAPTRUST,Capital Trust Limited
CARBORUNIV,Carborundum Universal Limited
CAREERP,Career Point Limited
CARERATING,CARE Ratings Limited
CARTRADE,Cartrade Tech Limited
CARYSIL,CARYSIL LIMITED
CASTROLIND,Castrol India Limited
CCHHL,Country Club Hospitality & Holidays Limited
CCL,CCL Products (India) Limited
CDSL,Central Depository Services (India) Limited
CEATLTD,CEAT Limited
CELEBRITY,Celebrity Fashions Limited
CELLO,Cello World Limited
CENTENKA,Century Enka Limited
CENTEXT,Century Extrusions Limited
CENTRALBK,Central Bank of India
CENTRUM,Centrum Capital Limited
CENTUM,Centum Electronics Limited
CENTURYPLY,Century Plyboards (India) Limited
CENTURYTEX,Century Textiles & Industries Limited
CERA,Cera Sanitaryware Limited
CEREBRAINT,Cerebra Integrated Technologies Limited
CESC,CESC Limited
CGCL,Capri Global Capital Limited
CGPOWER,CG Power and Industrial Solutions Limited
CHALET,Chalet Hotels Limited
CHAMBLFERT,Chambal Fertilizers & Chemicals Limited
CHEMBOND,Chembond Chemicals Ltd
CHEMCON,Chemcon Speciality Chemicals Limited
CHEMFAB,Chemfab Alkalis Limited
CHEMPLASTS,Chemplast Sanmar Limited
CHENNPETRO,Chennai Petroleum Corporation Limited
CHEVIOT,Cheviot Company Limited
CHOICEIN,Choice International Limited
CHOLAFIN,Cholamandalam Investment and Finance Company Limited
CHOLAHLDNG,Cholamandalam Financial Holdings Limited
CIEINDIA,CIE Automotive India Limited
CIGNITITEC,Cigniti Technologies Limited
CINELINE,Cineline India Limited
CINEVISTA,Cinevista Limited
CIPLA,Cipla Limited
CLEAN,Clean Science and Technology Limited
CLEDUCATE,CL Educate Limited
CLSEL,Chaman Lal Setia Exports Limited
CMSINFO,CMS Info Systems Limited
COALINDIA,Coal India Limited
COASTCORP,Coastal Corporation Limited
COCHINSHIP,Cochin Shipyard Limited
COFFEEDAY,Coffee Day Enterprises Limited
COFORGE,Coforge Limited
COLPAL,Colgate Palmolive (India) Limited
COMPUSOFT,Compucom Software Limited
COMSYN,Commercial Syn Bags Limited
CONCOR,Container Corporation of India Limited
CONCORDBIO,Concord Biotech Limited
CONFIPET,Confidence Petroleum India Limited
CONSOFINVT,Consolidated Finvest & Holdings Limited
CONTROLPR,Control Print Limited
CORALFINAC,Coral India Finance & Housing Limited
CORDSCABLE,Cords Cable Industries Limited
COROMANDEL,Coromandel International Limited
COSMOFIRST,COSMO FIRST LIMITED
COUNCODOS,Country Condo's Limited
CRAFTSMAN,Craftsman Automation Limited
CREATIVE,Creative Newtech Limited
CREATIVEYE,Creative Eye Limited
CREDITACC,CREDITACCESS GRAMEEN LIMITED
CREST,Crest Ventures Limited
CRISIL,CRISIL Limited
CROMPTON,Crompton Greaves Consumer Electricals Limited
CROWN,Crown Lifters Limited
CSBBANK,CSB Bank Limited
CSLFINANCE,CSL Finance Limited
CTE,Cambridge Technology Enterprises Limited
CUB,City Union Bank Limited
CUBEXTUB,Cubex Tubings Limited
CUMMINSIND,Cummins India Limited
CUPID,Cupid Limited
CYBERMEDIA,Cyber Media (India) Limited
CYBERTECH,Cybertech Systems And Software Limited
CYIENT,Cyient Limited
CYIENTDLM,Cyient DLM Limited
DABUR,Dabur India Limited
DALBHARAT,Dalmia Bharat Limited
DALMIASUG,Dalmia Bharat Sugar and Industries Limited
DAMODARIND,Damodar Industries Limited
DANGEE,Dangee Dums Limited
DATAMATICS,Datamatics Global Services Limited
DATAPATTNS,Data Patterns (India) Limited
DAVANGERE,Davangere Sugar Company Limited
DBCORP,D.B.Corp Limited
DBL,Dilip Buildcon Limited
DBOL,Dhampur Bio Organics Limited
DBREALTY,Valor Estate Limited
DBSTOCKBRO,DB (International) Stock Brokers Limited
DCAL,Dishman Carbogen Amcis Limited
DCBBANK,DCB Bank Limited
DCI,Dc Infotech And Communication Limited
DCM,DCM  Limited
DCMFINSERV,DCM Financial Services Limited
DCMNVL,DCM Nouvelle Limited
DCMSHRIRAM,DCM Shriram Limited
DCMSRIND,DCM Shriram Industries Limited
DCW,DCW Limited
DCXINDIA,DCX Systems Limited
DECCANCE,Deccan Cements Limited
DEEDEV,DEE Development Engineers Limited
DEEPAKFERT,Deepak Fertilizers and Petrochemicals Corporation Limited
DEEPAKNTR,Deepak Nitrite Limited
DEEPENR,DEEP ENERGY RESOURCES LIMITED
DEEPINDS,Deep Industries Limited
DELHIVERY,Delhivery Limited
DELPHIFX,DELPHI WORLD MONEY LIMITED
DELTACORP,Delta Corp Limited
DELTAMAGNT,Delta Manufacturing Limited
DEN,Den Networks Limited
DENORA,De Nora India Limited
DEVIT,Dev Information Technology Limited
DEVYANI,Devyani International Limited
DGCONTENT,Digicontent Limited
DHAMPURSUG,Dhampur Sugar Mills Limited
DHANBANK,Dhanlaxmi Bank Limited
DHANI,Dhani Services Limited
DHANUKA,Dhanuka Agritech Limited
DHARMAJ,Dharmaj Crop Guard Limited
DHRUV,Dhruv Consultancy Services Limited
DHUNINV,Dhunseri Investments Limited
DIACABS,Diamond Power Infrastructure Limited
DIAMINESQ,Diamines & Chemicals Limited
DIAMONDYD,Prataap Snacks Limited
DICIND,DIC India Limited
DIGIDRIVE,Digidrive Distributors Limited
DIGISPICE,DiGiSPICE Technologies Limited
DIGJAMLMTD,Digjam Limited
DIL,Debock Industries Limited
DISHTV,Dish TV India Limited
DIVGIITTS,Divgi Torqtransfer Systems Limited
DIVISLAB,Divi's Laboratories Limited
DIXON,Dixon Technologies (India) Limited
DJML,DJ Mediaprint & Logistics Limited
DLF,DLF Limited
DLINKINDIA,D-Link (India) Limited
DMART,Avenue Supermarts Limited
DMCC,DMCC SPECIALITY CHEMICALS LIMITED
DNAMEDIA,Diligent Media Corporation Limited
DODLA,Dodla Dairy Limited
DOLATALGO,Dolat Algotech Limited
DOLLAR,Dollar Industries Limited
DOLPHIN,Dolphin Offshore Enterprises (India) Limited
DOMS,DOMS Industries Limited
DONEAR,Donear Industries Limited
DPABHUSHAN,D. P. Abhushan Limited
DPSCLTD,DPSC Limited
DPWIRES,D P Wires Limited
DRCSYSTEMS,DRC Systems India Limited
DREAMFOLKS,Dreamfolks Services Limited
DREDGECORP,Dredging Corporation of India Limited
DRREDDY,Dr. Reddy's Laboratories Limited
DSSL,Dynacons Systems & Solutions Limited
DTIL,Dhunseri Tea & Industries Limited
DUCON,Ducon Infratechnologies Limited
DVL,Dhunseri Ventures Limited
DWARKESH,Dwarikesh Sugar Industries Limited
DYCL,Dynamic Cables Limited
DYNAMATECH,Dynamatic Technologies Limited
DYNPRO,Dynemic Products Limited
E2E,E2E Networks Limited
EASEMYTRIP,Easy Trip Planners Limited
ECLERX,eClerx Services Limited
EDELWEISS,Edelweiss Financial Services Limited
EICHERMOT,Eicher Motors Limited
EIDPARRY,EID Parry India Limited
EIFFL,Euro India Fresh Foods Limited
EIHAHOTELS,EIH Associated Hotels Limited
EIHOTEL,EIH Limited
EIMCOELECO,Eimco Elecon (India) Limited
EKC,Everest Kanto Cylinder Limited
ELDEHSG,Eldeco Housing And Industries Limited
ELECON,Elecon Engineering Company Limited
ELECTCAST,Electrosteel Castings Limited
ELECTHERM,Electrotherm (India) Limited
ELGIEQUIP,Elgi Equipments Limited
ELGIRUBCO,Elgi Rubber Company Limited
ELIN,Elin Electronics Limited
EMAMILTD,Emami Limited
EMAMIPAP,Emami Paper Mills Limited
EMAMIREAL,Emami Realty Limited
EMBDL,Equinox India Developments Limited
EMCURE,Emcure Pharmaceuticals Limited
EMIL,Electronics Mart India Limited
EMKAY,Emkay Global Financial Services Limited
EMMBI,Emmbi Industries Limited
EMSLIMITED,EMS Limited
EMUDHRA,eMudhra Limited
ENDURANCE,Endurance Technologies Limited
ENERGYDEV,Energy Development Company Limited
ENGINERSIN,Engineers India Limited
ENIL,Entertainment Network (India) Limited
ENTERO,Entero Healthcare Solutions Limited
EPACK,EPACK Durable Limited
EPIGRAL,Epigral Limited
EPL,EPL Limited
EQUIPPP,Equippp Social Impact Technologies Limited
EQUITASBNK,Equitas Small Finance Bank Limited
ERIS,Eris Lifesciences Limited
EROSMEDIA,Eros International Media Limited
ESABINDIA,Esab India Limited
ESAFSFB,ESAF Small Finance Bank Limited
ESCORTS,Escorts Kubota Limited
ESSARSHPNG,Essar Shipping Limited
ESSENTIA,Integra Essentia Limited
ESTER,Ester Industries Limited
ETHOSLTD,Ethos Limited
EUROTEXIND,Eurotex Industries and Exports Limited
EVEREADY,Eveready Industries India Limited
EVERESTIND,Everest Industries Limited
EXCEL,Excel Realty N Infra Limited
EXCELINDUS,Excel Industries Limited
EXICOM,Exicom Tele-Systems Limited
EXIDEIND,Exide Industries Limited
EXPLEOSOL,Expleo Solutions Limited
EXXARO,Exxaro Tiles Limited
FACT,Fertilizers and Chemicals Travancore Limited
FAIRCHEMOR,Fairchem Organics Limited
FAZE3Q,Faze Three Limited
FCL,Fineotex Chemical Limited
FCSSOFT,FCS Software Solutions Limited
FDC,FDC Limited
FEDERALBNK,The Federal Bank  Limited
FEDFINA,Fedbank Financial Services Limited
FEL,Future Enterprises Limited
FELDVR,Future Enterprises Limited
FIBERWEB,Fiberweb (India) Limited
FIEMIND,Fiem Industries Limited
FILATEX,Filatex India Limited
FILATFASH,Filatex Fashions Limited
FINCABLES,Finolex Cables Limited
FINEORG,Fine Organic Industries Limited
FINOPB,Fino Payments Bank Limited
FINPIPE,Finolex Industries Limited
FIVESTAR,Five-Star Business Finance Limited
FLAIR,Flair Writing Industries Limited
FLEXITUFF,Flexituff Ventures International Limited
FLFL,Future Lifestyle Fashions Limited
FLUOROCHEM,Gujarat Fluorochemicals Limited
FMGOETZE,Federal-Mogul Goetze (India) Limited.
FMNL,Future Market Networks Limited
FOCUS,Focus Lighting and Fixtures Limited
FOODSIN,Foods & Inns Limited
FORCEMOT,FORCE MOTORS LTD
FORTIS,Fortis Healthcare Limited
FOSECOIND,Foseco India Limited
FSC,Future Supply Chain Solutions Limited
FSL,Firstsource Solutions Limited
FUSION,Fusion Micro Finance Limited
GABRIEL,Gabriel India Limited
GAEL,Gujarat Ambuja Exports Limited
GAIL,GAIL (India) Limited
GALAXYSURF,Galaxy Surfactants Limited
GALLANTT,Gallantt Ispat Limited
GANDHAR,Gandhar Oil Refinery (India) Limited
GANDHITUBE,Gandhi Special Tubes Limited
GANECOS,Ganesha Ecosphere Limited
GANESHBE,Ganesh Benzoplast Limited
GANESHHOUC,Ganesh Housing Corporation Limited
GANGAFORGE,Ganga Forging Limited
GANGESSECU,Ganges Securities Limited
GARFIBRES,Garware Technical Fibres Limited
GATECH,GACM Technologies Limited
GATECHDVR,GACM Technologies Limited
GATEWAY,Gateway Distriparks Limited
GAYAPROJ,Gayatri Projects Limited
GEECEE,GeeCee Ventures Limited
GEEKAYWIRE,Geekay Wires Limited
GENCON,Generic Engineering Construction and Projects Limited
GENESYS,Genesys International Corporation Limited
GENSOL,Gensol Engineering Limited
GENUSPAPER,Genus Paper & Boards Limited
GENUSPOWER,Genus Power Infrastructures Limited
GEOJITFSL,Geojit Financial Services Limited
GEPIL,GE Power India Limited
GESHIP,The Great Eastern Shipping Company Limited
GET&D,GE T&D India Limited
GFLLIMITED,GFL Limited
GHCL,GHCL Limited
GHCLTEXTIL,GHCL Textiles Limited
GICHSGFIN,GIC Housing Finance Limited
GICRE,General Insurance Corporation of India
GILLANDERS,Gillanders Arbuthnot & Company Limited
GILLETTE,Gillette India Limited
GINNIFILA,Ginni Filaments Limited
GIPCL,Gujarat Industries Power Company Limited
GKWLIMITED,GKW Limited
GLAND,Gland Pharma Limited
GLAXO,GlaxoSmithKline Pharmaceuticals Limited
GLENMARK,Glenmark Pharmaceuticals Limited
GLFL,Gujarat Lease Financing Limited
GLOBAL,Global Education Limited
GLOBALVECT,Global Vectra Helicorp Limited
GLOBE,Globe Textiles (India) Limited
GLOBUSSPR,Globus Spirits Limited
GLOSTERLTD,Gloster Limited
GLS,Glenmark Life Sciences Limited
GMBREW,GM Breweries Limited
GMDCLTD,Gujarat Mineral Development Corporation Limited
GMMPFAUDLR,GMM Pfaudler Limited
GMRINFRA,GMR Airports Infrastructure Limited
GMRP&UI,GMR Power and Urban Infra Limited
GNA,GNA Axles Limited
GNFC,Gujarat Narmada Valley Fertilizers and Chemicals Limited
GOACARBON,Goa Carbon Limited
GOCLCORP,GOCL Corporation Limited
GOCOLORS,Go Fashion (India) Limited
GODFRYPHLP,Godfrey Phillips India Limited
GODHA,Godha Cabcon & Insulation Limited
GODIGIT,Go Digit General Insurance Limited
GODREJAGRO,Godrej Agrovet Limited
GODREJCP,Godrej Consumer Products Limited
GODREJIND,Godrej Industries Limited
GODREJPROP,Godrej Properties Limited
GOKEX,Gokaldas Exports Limited
GOKUL,Gokul Refoils and Solvent Limited
GOKULAGRO,Gokul Agro Resources Limited
GOLDENTOBC,Golden Tobacco Limited
GOLDIAM,Goldiam International Limited
GOLDTECH,AION-TECH SOLUTIONS LIMITED
GOODLUCK,Goodluck India Limited
GOPAL,Gopal Snacks Limited
GOYALALUM,Goyal Aluminiums Limited
GPIL,Godawari Power And Ispat limited
GPPL,Gujarat Pipavav Port Limited
GPTHEALTH,GPT Healthcare Limited
GPTINFRA,GPT Infraprojects Limited
GRANULES,Granules India Limited
GRAPHITE,Graphite India Limited
GRASIM,Grasim Industries Limited
GRAVITA,Gravita India Limited
GREAVESCOT,Greaves Cotton Limited
GREENLAM,Greenlam Industries Limited
GREENPANEL,Greenpanel Industries Limited
GREENPLY,Greenply Industries Limited
GREENPOWER,Orient Green Power Company Limited
GRINDWELL,Grindwell Norton Limited
GRINFRA,G R Infraprojects Limited
GRMOVER,GRM Overseas Limited
GROBTEA,The Grob Tea Company Limited
GRPLTD,GRP Limited
GRSE,Garden Reach Shipbuilders & Engineers Limited
GRWRHITECH,Garware Hi-Tech Films Limited
GSFC,Gujarat State Fertilizers & Chemicals Limited
GSLSU,Global Surfaces Limited
GSPL,Gujarat State Petronet Limited
GSS,GSS Infotech Limited
GTECJAINX,G-TEC JAINX EDUCATION LIMITED
GTL,GTL Limited
GTLINFRA,GTL Infrastructure Limited
GTPL,GTPL Hathway Limited
GUFICBIO,Gufic Biosciences Limited
GUJALKALI,Gujarat Alkalies and Chemicals Limited
GUJAPOLLO,Gujarat Apollo Industries Limited
GUJGASLTD,Gujarat Gas Limited
GUJRAFFIA,Gujarat Raffia Industries Limited
GULFOILLUB,Gulf Oil Lubricants India Limited
GULFPETRO,GP Petroleums Limited
GULPOLY,Gulshan Polyols Limited
GVKPIL,GVK Power & Infrastructure Limited
GVPTECH,GVP Infotech Limited
HAL,Hindustan Aeronautics Limited
HAPPSTMNDS,Happiest Minds Technologies Limited
HAPPYFORGE,Happy Forgings Limited
HARDWYN,Hardwyn India Limited
HARIOMPIPE,Hariom Pipe Industries Limited
HARRMALAYA,Harrisons  Malayalam Limited
HARSHA,Harsha Engineers International Limited
HATHWAY,Hathway Cable & Datacom Limited
HATSUN,Hatsun Agro Product Limited
HAVELLS,Havells India Limited
HAVISHA,Sri Havisha Hospitality and Infrastructure Limited
HBLPOWER,HBL Power Systems Limited
HBSL,HB Stockholdings Limited
HCC,Hindustan Construction Company Limited
HCG,Healthcare Global Enterprises Limited
HCL-INSYS,HCL Infosystems Limited
HCLTECH,HCL Technologies Limited
HDFCAMC,HDFC Asset Management Company Limited
HDFCBANK,HDFC Bank Limited
HDFCLIFE,HDFC Life Insurance Company Limited
HEADSUP,Heads UP Ventures Limited
HECPROJECT,HEC Infra Projects Limited
HEG,HEG Limited
HEIDELBERG,HeidelbergCement India Limited
HEMIPROP,Hemisphere Properties India Limited
HERANBA,Heranba Industries Limited
HERCULES,Hercules Hoists Limited
HERITGFOOD,Heritage Foods Limited
HEROMOTOCO,Hero MotoCorp Limited
HESTERBIO,Hester Biosciences Limited
HEUBACHIND,Heubach Colorants India Limited
HEXATRADEX,Hexa Tradex Limited
HFCL,HFCL Limited
HGINFRA,H.G. Infra Engineering Limited
HGS,Hinduja Global Solutions Limited
HIKAL,Hikal Limited
HIL,HIL Limited
HILTON,Hilton Metal Forging Limited
HIMATSEIDE,Himatsingka Seide Limited
HINDALCO,Hindalco Industries Limited
HINDCOMPOS,Hindustan Composites Limited
HINDCON,Hindcon Chemicals Limited
HINDCOPPER,Hindustan Copper Limited
HINDMOTORS,Hindustan Motors Limited
HINDOILEXP,Hindustan Oil Exploration Company Limited
HINDPETRO,Hindustan Petroleum Corporation Limited
HINDUNILVR,Hindustan Unilever Limited
HINDWAREAP,Hindware Home Innovation Limited
HINDZINC,Hindustan Zinc Limited
HIRECT,Hind Rectifiers Limited
HISARMETAL,Hisar Metal Industries Limited
HITECH,Hi-Tech Pipes Limited
HITECHCORP,Hitech Corporation Limited
HITECHGEAR,The Hi-Tech Gears Limited
HLEGLAS,HLE Glascoat Limited
HLVLTD,HLV LIMITED
HMAAGRO,HMA Agro Industries Limited
HMT,HMT Limited
HMVL,Hindustan Media Ventures Limited
HNDFDS,Hindustan Foods Limited
HOMEFIRST,Home First Finance Company India Limited
HONASA,Honasa Consumer Limited
HONAUT,Honeywell Automation India Limited
HONDAPOWER,Honda India Power Products Limited
HOVS,HOV Services Limited
HPAL,HP Adhesives Limited
HPIL,Hindprakash Industries Limited
HPL,HPL Electric & Power Limited
HSCL,Himadri Speciality Chemical Limited
HTMEDIA,HT Media Limited
HUBTOWN,Hubtown Limited
HUDCO,Housing & Urban Development Corporation Limited
HUHTAMAKI,Huhtamaki India Limited
HYBRIDFIN,Hybrid Financial Services Limited
IBULHSGFIN,Indiabulls Housing Finance Limited
ICDSLTD,ICDS Limited
ICEMAKE,Ice Make Refrigeration Limited
ICICIBANK,ICICI Bank Limited
ICICIGI,ICICI Lombard General Insurance Company Limited
ICICIPRULI,ICICI Prudential Life Insurance Company Limited
ICIL,Indo Count Industries Limited
ICRA,ICRA Limited
IDBI,IDBI Bank Limited
IDEA,Vodafone Idea Limited
IDEAFORGE,Ideaforge Technology Limited
IDFC,IDFC Limited
IDFCFIRSTB,IDFC First Bank Limited
IEL,Indiabulls Enterprises Limited
IEX,Indian Energy Exchange Limited
IFBAGRO,IFB Agro Industries Limited
IFBIND,IFB Industries Limited
IFCI,IFCI Limited
IFGLEXPOR,IFGL Refractories Limited
IGARASHI,Igarashi Motors India Limited
IGL,Indraprastha Gas Limited
IGPL,IG Petrochemicals Limited
IIFL,IIFL Finance Limited
IIFLSEC,IIFL Securities Limited
IITL,Industrial Investment Trust Limited
IKIO,IKIO Lighting Limited
IL&FSENGG,IL&FS Engineering and Construction Company Limited
IL&FSTRANS,IL&FS Transportation Networks Limited
IMAGICAA,Imagicaaworld Entertainment Limited
IMFA,Indian Metals & Ferro Alloys Limited
IMPAL,India Motor Parts and Accessories Limited
IMPEXFERRO,Impex Ferro Tech Limited
INCREDIBLE,INCREDIBLE INDUSTRIES LIMITED
INDBANK,Indbank Merchant Banking Services Limited
INDGN,Indegene Limited
INDHOTEL,The Indian Hotels Company Limited
INDIACEM,The India Cements Limited
INDIAGLYCO,India Glycols Limited
INDIAMART,Indiamart Intermesh Limited
INDIANB,Indian Bank
INDIANCARD,Indian Card Clothing Company Limited
INDIANHUME,Indian Hume Pipe Company Limited
INDIASHLTR,India Shelter Finance Corporation Limited
INDIGO,InterGlobe Aviation Limited
INDIGOPNTS,Indigo Paints Limited
INDNIPPON,India Nippon Electricals Limited
INDOAMIN,Indo Amines Limited
INDOBORAX,Indo Borax & Chemicals Limited
INDOCO,Indoco Remedies Limited
INDORAMA,Indo Rama Synthetics (India) Limited
INDOSTAR,IndoStar Capital Finance Limited
INDOTECH,Indo Tech Transformers Limited
INDOTHAI,Indo Thai Securities Limited
INDOWIND,Indowind Energy Limited
INDRAMEDCO,Indraprastha Medical Corporation Limited
INDSWFTLAB,Ind-Swift Laboratories Limited
INDSWFTLTD,Ind-Swift Limited
INDTERRAIN,Indian Terrain Fashions Limited
INDUSINDBK,IndusInd Bank Limited
INDUSTOWER,Indus Towers Limited
INFIBEAM,Infibeam Avenues Limited
INFOBEAN,InfoBeans Technologies Limited
INFY,Infosys Limited
INGERRAND,Ingersoll Rand (India) Limited
INNOVACAP,Innova Captab Limited
INOXGREEN,Inox Green Energy Services Limited
INOXINDIA,INOX India Limited
INOXWIND,Inox Wind Limited
INSECTICID,Insecticides (India) Limited
INSPIRISYS,Inspirisys Solutions Limited
INTELLECT,Intellect Design Arena Limited
INTENTECH,Intense Technologies Limited
INTLCONV,International Conveyors Limited
INVENTURE,Inventure Growth & Securities Limited
IOB,Indian Overseas Bank
IOC,Indian Oil Corporation Limited
IOLCP,IOL Chemicals and Pharmaceuticals Limited
IONEXCHANG,ION Exchange (India) Limited
IPCALAB,IPCA Laboratories Limited
IPL,India Pesticides Limited
IRB,IRB Infrastructure Developers Limited
IRCON,Ircon International Limited
IRCTC,Indian Railway Catering And Tourism Corporation Limited
IREDA,Indian Renewable Energy Development Agency Limited
IRFC,Indian Railway Finance Corporation Limited
IRIS,Iris Business Services Limited
IRISDOREME,Iris Clothings Limited
IRMENERGY,IRM Energy Limited
ISEC,ICICI Securities Limited
ISFT,Intrasoft Technologies Limited
ISGEC,Isgec Heavy Engineering Limited
ISMTLTD,ISMT Limited
ITC,ITC Limited
ITDC,India Tourism Development Corporation Limited
ITDCEM,ITD Cementation India Limited
ITI,ITI Limited
IVC,IL&FS Investment Managers Limited
IVP,IVP Limited
IWEL,Inox Wind Energy Limited
IXIGO,Le Travenues Technology Limited
IZMO,IZMO Limited
J&KBANK,The Jammu & Kashmir Bank Limited
JAGRAN,Jagran Prakashan Limited
JAGSNPHARM,Jagsonpal Pharmaceuticals Limited
JAIBALAJI,Jai Balaji Industries Limited
JAICORPLTD,Jai Corp Limited
JAIPURKURT,Nandani Creation Limited
JAMNAAUTO,Jamna Auto Industries Limited
JASH,Jash Engineering Limited
JAYAGROGN,Jayant Agro Organics Limited
JAYBARMARU,Jay Bharat Maruti Limited
JAYNECOIND,Jayaswal Neco Industries Limited
JAYSREETEA,Jayshree Tea & Industries Limited
JBCHEPHARM,JB Chemicals & Pharmaceuticals Limited
JBMA,JBM Auto Limited
JCHAC,Johnson Controls - Hitachi Air Conditioning India Limited
JETAIRWAYS,Jet Airways (India) Limited
JETFREIGHT,Jet Freight Logistics Limited
JGCHEM,J.G.Chemicals Limited
JHS,JHS Svendgaard Laboratories Limited
JINDALPHOT,Jindal Photo Limited
JINDALPOLY,Jindal Poly Films Limited
JINDALSAW,Jindal Saw Limited
JINDALSTEL,Jindal Steel & Power Limited
JINDRILL,Jindal Drilling And Industries Limited
JINDWORLD,Jindal Worldwide Limited
JIOFIN,Jio Financial Services Limited
JISLDVREQS,Jain Irrigation Systems Limited
JISLJALEQS,Jain Irrigation Systems Limited
JITFINFRA,JITF Infralogistics Limited
JKCEMENT,JK Cement Limited
JKIL,J.Kumar Infraprojects Limited
JKLAKSHMI,JK Lakshmi Cement Limited
JKPAPER,JK Paper Limited
JKTYRE,JK Tyre & Industries Limited
JLHL,Jupiter Life Line Hospitals Limited
JMA,Jullundur Motor Agency (Delhi) Limited
JMFINANCIL,JM Financial Limited
JNKINDIA,JNK India Limited
JOCIL,Jocil Limited
JPASSOCIAT,Jaiprakash Associates Limited
JPOLYINVST,Jindal Poly Investment and Finance Company Limited
JPPOWER,Jaiprakash Power Ventures Limited
JSFB,Jana Small Finance Bank Limited
JSL,Jindal Stainless Limited
JSWENERGY,JSW Energy Limited
JSWHL,JSW Holdings Limited
JSWINFRA,JSW Infrastructure Limited
JSWSTEEL,JSW Steel Limited
JTEKTINDIA,Jtekt India Limited
JTLIND,JTL INDUSTRIES LIMITED
JUBLFOOD,Jubilant Foodworks Limited
JUBLINDS,Jubilant Industries Limited
JUBLINGREA,Jubilant Ingrevia Limited
JUBLPHARMA,Jubilant Pharmova Limited
JUNIPER,Juniper Hotels Limited
JUSTDIAL,Just Dial Limited
JWL,Jupiter Wagons Limited
JYOTHYLAB,Jyothy Labs Limited
JYOTICNC,Jyoti CNC Automation Limited
JYOTISTRUC,Jyoti Structures Limited
KABRAEXTRU,Kabra Extrusion Technik Limited
KAJARIACER,Kajaria Ceramics Limited
KAKATCEM,Kakatiya Cement Sugar & Industries Limited
KALAMANDIR,Sai Silks (Kalamandir) Limited
KALYANI,Kalyani Commercials Limited
KALYANIFRG,Kalyani Forge Limited
KALYANKJIL,Kalyan Jewellers India Limited
KAMATHOTEL,Kamat Hotels (I) Limited
KAMDHENU,Kamdhenu Limited
KAMOPAINTS,Kamdhenu Ventures Limited
KANANIIND,Kanani Industries Limited
KANORICHEM,Kanoria Chemicals & Industries Limited
KANPRPLA,Kanpur Plastipack Limited
KANSAINER,Kansai Nerolac Paints Limited
KAPSTON,Kapston Services Limited
KARMAENG,Karma Energy Limited
KARURVYSYA,Karur Vysya Bank Limited
KAUSHALYA,Kaushalya Infrastructure Development Corporation Limited
KAVVERITEL,Kavveri Telecom Products Limited
KAYA,Kaya Limited
KAYNES,Kaynes Technology India Limited
KBCGLOBAL,KBC Global Limited
KCP,KCP Limited
KCPSUGIND,KCP Sugar and Industries Corporation Limited
KDDL,KDDL Limited
KEC,KEC International Limited
KECL,Kirloskar Electric Company Limited
KEEPLEARN,DSJ Keep Learning Limited
KEI,KEI Industries Limited
KELLTONTEC,Kellton Tech Solutions Limited
KERNEX,Kernex Microsystems (India) Limited
KESORAMIND,Kesoram Industries Limited
KEYFINSERV,Keynote Financial Services Limited
KFINTECH,Kfin Technologies Limited
KHADIM,Khadim India Limited
KHAICHEM,Khaitan Chemicals & Fertilizers Limited
KHAITANLTD,Khaitan (India) Limited
KHANDSE,Khandwala Securities Limited
KICL,Kalyani Investment Company Limited
KILITCH,Kilitch Drugs (India) Limited
KIMS,Krishna Institute of Medical Sciences Limited
KINGFA,Kingfa Science & Technology (India) Limited
KIOCL,KIOCL Limited
KIRIINDUS,Kiri Industries Limited
KIRLOSBROS,Kirloskar Brothers Limited
KIRLOSENG,Kirloskar Oil Engines Limited
KIRLOSIND,Kirloskar Industries Limited
KIRLPNU,Kirloskar Pneumatic Company Limited
KITEX,Kitex Garments Limited
KKCL,Kewal Kiran Clothing Limited
KMSUGAR,K.M.Sugar Mills Limited
KNRCON,KNR Constructions Limited
KOHINOOR,Kohinoor Foods Limited
KOKUYOCMLN,Kokuyo Camlin Limited
KOLTEPATIL,Kolte - Patil Developers Limited
KOPRAN,Kopran Limited
KOTAKBANK,Kotak Mahindra Bank Limited
KOTARISUG,Kothari Sugars And Chemicals Limited
KOTHARIPET,Kothari Petrochemicals Limited
KOTHARIPRO,Kothari Products Limited
KPIGREEN,KPI Green Energy Limited
KPIL,Kalpataru Projects International Limited
KPITTECH,KPIT Technologies Limited
KPRMILL,K.P.R. Mill Limited
KRBL,KRBL Limited
KREBSBIO,Krebs Biochemicals and Industries Limited
KRIDHANINF,Kridhan Infra Limited
KRISHANA,Krishana Phoschem Limited
KRITI,Kriti Industries (India) Limited
KRITIKA,Kritika Wires Limited
KRITINUT,Kriti Nutrients Limited
KRONOX,Kronox Lab Sciences Limited
KRSNAA,Krsnaa Diagnostics Limited
KRYSTAL,Krystal Integrated Services Limited
KSB,Ksb Limited
KSCL,Kaveri Seed Company Limited
KSHITIJPOL,Kshitij Polyline Limited
KSL,Kalyani Steels Limited
KSOLVES,Ksolves India Limited
KTKBANK,The Karnataka Bank Limited
KUANTUM,Kuantum Papers Limited
LAGNAM,Lagnam Spintex Limited
LAL,Lorenzini Apparels Limited
LALPATHLAB,Dr. Lal Path Labs Ltd.
LAMBODHARA,Lambodhara Textiles Limited
LANCORHOL,Lancor Holdings Limited
LANDMARK,Landmark Cars Limited
LAOPALA,La Opala RG Limited
LASA,Lasa Supergenerics Limited
LATENTVIEW,Latent View Analytics Limited
LATTEYS,Latteys Industries Limited
LAURUSLABS,Laurus Labs Limited
LAXMICOT,Laxmi Cotspin Limited
LAXMIMACH,Lakshmi Machine Works Limited
LCCINFOTEC,LCC Infotech Limited
LEMONTREE,Lemon Tree Hotels Limited
LEXUS,Lexus Granito (India) Limited
LFIC,Lakshmi Finance & Industrial Corporation Limited
LGBBROSLTD,LG Balakrishnan & Bros Limited
LGBFORGE,LGB Forge Limited
LGHL,Laxmi Goldorna House Limited
LIBAS,Libas Consumer Products Limited
LIBERTSHOE,Liberty Shoes Limited
LICHSGFIN,LIC Housing Finance Limited
LICI,Life Insurance Corporation Of India
LIKHITHA,Likhitha Infrastructure Limited
LINC,Linc Limited
LINCOLN,Lincoln Pharmaceuticals Limited
LINDEINDIA,Linde India Limited
LLOYDSENGG,LLOYDS ENGINEERING WORKS LIMITED
LLOYDSME,Lloyds Metals And Energy Limited
LODHA,Macrotech Developers Limited
LOKESHMACH,Lokesh Machines Limited
LORDSCHLO,Lords Chloro Alkali Limited
LOTUSEYE,Lotus Eye Hospital and Institute Limited
LOVABLE,Lovable Lingerie Limited
LOYALTEX,Loyal Textile Mills Limited
LPDC,Landmark Property Development Company Limited
LT,Larsen & Toubro Limited
LTF,L&T Finance Limited
LTFOODS,LT Foods Limited
LTIM,LTIMindtree Limited
LTTS,L&T Technology Services Limited
LUMAXIND,Lumax Industries Limited
LUMAXTECH,Lumax Auto Technologies Limited
LUPIN,Lupin Limited
LUXIND,Lux Industries Limited
LXCHEM,Laxmi Organic Industries Limited
LYKALABS,Lyka Labs Limited
LYPSAGEMS,Lypsa Gems & Jewellery Limited
M&M,Mahindra & Mahindra Limited
M&MFIN,Mahindra & Mahindra Financial Services Limited
MAANALU,Maan Aluminium Limited
MACPOWER,Macpower CNC Machines Limited
MADHAV,Madhav Marbles and Granites Limited
MADHUCON,Madhucon Projects Limited
MADRASFERT,Madras Fertilizers Limited
MAGADSUGAR,Magadh Sugar & Energy Limited
MAGNUM,Magnum Ventures Limited
MAHABANK,Bank of Maharashtra
MAHAPEXLTD,Maha Rashtra Apex Corporation Limited
MAHASTEEL,Mahamaya Steel Industries Limited
MAHEPC,Mahindra EPC Irrigation Limited
MAHESHWARI,Maheshwari Logistics Limited
MAHLIFE,Mahindra Lifespace Developers Limited
MAHLOG,Mahindra Logistics Limited
MAHSCOOTER,Maharashtra Scooters Limited
MAHSEAMLES,Maharashtra Seamless Limited
MAITHANALL,Maithan Alloys Limited
MALLCOM,Mallcom (India) Limited
MALUPAPER,Malu Paper Mills Limited
MANAKALUCO,Manaksia Aluminium Company Limited
MANAKCOAT,Manaksia Coated Metals & Industries Limited
MANAKSIA,Manaksia Limited
MANAKSTEEL,Manaksia Steels Limited
MANALIPETC,Manali Petrochemicals Limited
MANAPPURAM,Manappuram Finance Limited
MANGALAM,Mangalam Drugs And Organics Limited
MANGCHEFER,Mangalore Chemicals & Fertilizers Limited
MANGLMCEM,Mangalam Cement Limited
MANINDS,Man Industries (India) Limited
MANINFRA,Man Infraconstruction Limited
MANKIND,Mankind Pharma Limited
MANOMAY,Manomay Tex India Limited
MANORAMA,Manorama Industries Limited
MANORG,Mangalam Organics Limited
MANUGRAPH,Manugraph India Limited
MANYAVAR,Vedant Fashions Limited
MAPMYINDIA,C.E. Info Systems Limited
MARALOVER,Maral Overseas Limited
MARATHON,Marathon Nextgen Realty Limited
MARICO,Marico Limited
MARINE,Marine Electricals (India) Limited
MARKSANS,Marksans Pharma Limited
MARSHALL,Marshall Machines Limited
MARUTI,Maruti Suzuki India Limited
MASFIN,MAS Financial Services Limited
MASTEK,Mastek Limited
MATRIMONY,Matrimony.Com Limited
MAWANASUG,Mawana Sugars Limited
MAXESTATES,Max Estates Limited
MAXHEALTH,Max Healthcare Institute Limited
MAXIND,Max India Limited
MAYURUNIQ,Mayur Uniquoters Ltd
MAZDA,Mazda Limited
MAZDOCK,Mazagon Dock Shipbuilders Limited
MBAPL,Madhya Bharat Agro Products Limited
MBECL,Mcnally Bharat Engineering Company Limited
MBLINFRA,MBL Infrastructure Limited
MCL,Madhav Copper Limited
MCLEODRUSS,Mcleod Russel India Limited
MCX,Multi Commodity Exchange of India Limited
MEDANTA,Global Health Limited
MEDIASSIST,Medi Assist Healthcare Services Limited
MEDICAMEQ,Medicamen Biotech Limited
MEDICO,Medico Remedies Limited
MEDPLUS,Medplus Health Services Limited
MEGASOFT,Megasoft Limited
MEGASTAR,Megastar Foods Limited
MENONBE,Menon Bearings Limited
MEP,MEP Infrastructure Developers Limited
METROBRAND,Metro Brands Limited
METROPOLIS,Metropolis Healthcare Limited
MFSL,Max Financial Services Limited
MGEL,Mangalam Global Enterprise Limited
MGL,Mahanagar Gas Limited
MHLXMIRU,Mahalaxmi Rubtech Limited
MHRIL,Mahindra Holidays & Resorts India Limited
MICEL,MIC Electronics Limited
MIDHANI,Mishra Dhatu Nigam Limited
MINDACORP,Minda Corporation Limited
MINDTECK,Mindteck (India) Limited
MIRCELECTR,MIRC Electronics Limited
MIRZAINT,Mirza International Limited
MITCON,MITCON Consultancy & Engineering Services Limited
MITCON-RE,Mitcon Con-RE
MITTAL,Mittal Life Style Limited
MKPL,M K Proteins Limited
MMFL,MM Forgings Limited
MMP,MMP Industries Limited
MMTC,MMTC Limited
MODIRUBBER,Modi Rubber Limited
MODISONLTD,MODISON LIMITED
MODTHREAD,Modern Threads (India) Limited
MOHITIND,Mohit Industries Limited
MOIL,MOIL Limited
MOKSH,Moksh Ornaments Limited
MOL,Meghmani Organics Limited
MOLDTECH,Mold-Tek Technologies Limited
MOLDTKPAC,Mold-Tek Packaging Limited
MONARCH,Monarch Networth Capital Limited
MONTECARLO,Monte Carlo Fashions Limited
MOREPENLAB,Morepen Laboratories Limited
MOTHERSON,Samvardhana Motherson International Limited
MOTILALOFS,Motilal Oswal Financial Services Limited
MOTISONS,Motisons Jewellers Limited
MOTOGENFIN,The Motor & General Finance Limited
MPHASIS,MphasiS Limited
MPSLTD,MPS Limited
MRF,MRF Limited
MRO-TEK,MRO-TEK Realty Limited
MRPL,Mangalore Refinery and Petrochemicals Limited
MSPL,MSP Steel & Power Limited
MSTCLTD,Mstc Limited
MSUMI,Motherson Sumi Wiring India Limited
MTARTECH,Mtar Technologies Limited
MTEDUCARE,MT Educare Limited
MTNL,Mahanagar Telephone Nigam Limited
MUFIN,Mufin Green Finance Limited
MUFTI,Credo Brands Marketing Limited
MUKANDLTD,Mukand Limited
MUKKA,Mukka Proteins Limited
MUKTAARTS,Mukta Arts Limited
MUNJALAU,Munjal Auto Industries Limited
MUNJALSHOW,Munjal Showa Limited
MURUDCERA,Murudeshwar Ceramics Limited
MUTHOOTCAP,Muthoot Capital Services Limited
MUTHOOTFIN,Muthoot Finance Limited
MUTHOOTMF,Muthoot Microfin Limited
MVGJL,Manoj Vaibhav Gems N Jewellers Limited
NACLIND,NACL Industries Limited
NAGAFERT,Nagarjuna Fertilizers and Chemicals Limited
NAGREEKCAP,Nagreeka Capital & Infrastructure Limited
NAGREEKEXP,Nagreeka Exports Limited
NAHARCAP,Nahar Capital and Financial Services Limited
NAHARINDUS,Nahar Industrial Enterprises Limited
NAHARPOLY,Nahar Poly Films Limited
NAHARSPING,Nahar Spinning Mills Limited
NAM-INDIA,Nippon Life India Asset Management Limited
NANDANI-RE,Nandani Creation Ltd-RE
NARMADA,Narmada Agrobase Limited
NATCOPHARM,Natco Pharma Limited
NATHBIOGEN,Nath Bio-Genes (India) Limited
NATIONALUM,National Aluminium Company Limited
NAUKRI,Info Edge (India) Limited
NAVA,NAVA LIMITED
NAVINFLUOR,Navin Fluorine International Limited
NAVKARCORP,Navkar Corporation Limited
NAVNETEDUL,Navneet Education Limited
NAZARA,Nazara Technologies Limited
NBCC,NBCC (India) Limited
NBIFIN,N. B. I. Industrial Finance Company Limited
NCC,NCC Limited
NCLIND,NCL Industries Limited
NDGL,Naga Dhunseri Group Limited
NDL,Nandan Denim Limited
NDLVENTURE,NDL Ventures Limited
NDRAUTO,Ndr Auto Components Limited
NDTV,New Delhi Television Limited
NECCLTD,North Eastern Carrying Corporation Limited
NECLIFE,Nectar Lifesciences Limited
NELCAST,Nelcast Limited
NELCO,NELCO Limited
NEOGEN,Neogen Chemicals Limited
NESCO,Nesco Limited
NESTLEIND,Nestle India Limited
NETWEB,Netweb Technologies India Limited
NETWORK18,Network18 Media & Investments Limited
NEULANDLAB,Neuland Laboratories Limited
NEWGEN,Newgen Software Technologies Limited
NEXTMEDIA,Next Mediaworks Limited
NFL,National Fertilizers Limited
NGIL,Nakoda Group of Industries Limited
NGLFINE,NGL Fine-Chem Limited
NH,Narayana Hrudayalaya Ltd.
NHPC,NHPC Limited
NIACL,The New India Assurance Company Limited
NIBL,NRB Industrial Bearings Limited
NIITLTD,NIIT Limited
NIITMTS,NIIT Learning Systems Limited
NILAINFRA,Nila Infrastructures Limited
NILASPACES,Nila Spaces Limited
NILKAMAL,Nilkamal Limited
NINSYS,NINtec Systems Limited
NIPPOBATRY,Indo-National Limited
NIRAJ,Niraj Cement Structurals Limited
NIRAJISPAT,Niraj Ispat Industries Limited
NITCO,Nitco Limited
NITINSPIN,Nitin Spinners Limited
NITIRAJ,Nitiraj Engineers Limited
NKIND,NK Industries Limited
NLCINDIA,NLC India Limited
NMDC,NMDC Limited
NOCIL,NOCIL Limited
NOIDATOLL,Noida Toll Bridge Company Limited
NORBTEAEXP,Norben Tea & Exports Limited
NOVAAGRI,Nova Agritech Limited
NRAIL,N R Agarwal Industries Limited
NRBBEARING,NRB Bearing Limited
NRL,Nupur Recyclers Limited
NSIL,Nalwa Sons Investments Limited
NSLNISP,NMDC Steel Limited
NTPC,NTPC Limited
NUCLEUS,Nucleus Software Exports Limited
NURECA,Nureca Limited
NUVAMA,Nuvama Wealth Management Limited
NUVOCO,Nuvoco Vistas Corporation Limited
NYKAA,FSN E-Commerce Ventures Limited
OAL,Oriental Aromatics Limited
OBCL,Orissa Bengal Carrier Limited
OBEROIRLTY,Oberoi Realty Limited
OCCL,Oriental Carbon & Chemicals Limited
OFSS,Oracle Financial Services Software Limited
OIL,Oil India Limited
OILCOUNTUB,Oil Country Tubular Limited
OLECTRA,Olectra Greentech Limited
OMAXAUTO,Omax Autos Limited
OMAXE,Omaxe Limited
OMINFRAL,OM INFRA LIMITED
OMKARCHEM,Omkar Speciality Chemicals Limited
ONELIFECAP,Onelife Capital Advisors Limited
ONEPOINT,One Point One Solutions Limited
ONGC,Oil & Natural Gas Corporation Limited
ONMOBILE,OnMobile Global Limited
ONWARDTEC,Onward Technologies Limited
OPTIEMUS,Optiemus Infracom Limited
ORBTEXP,Orbit Exports Limited
ORCHPHARMA,Orchid Pharma Limited
ORICONENT,Oricon Enterprises Limited
ORIENTALTL,Oriental Trimex Limited
ORIENTBELL,Orient Bell Limited
ORIENTCEM,Orient Cement Limited
ORIENTCER,ORIENT CERATECH LIMITED
ORIENTELEC,Orient Electric Limited
ORIENTHOT,Oriental Hotels Limited
ORIENTLTD,Orient Press Limited
ORIENTPPR,Orient Paper & Industries Limited
ORISSAMINE,The Orissa Minerals Development Company Limited
ORTINLAB,Ortin Laboratories Limited
OSIAHYPER,Osia Hyper Retail Limited
OSWALAGRO,Oswal Agro Mills Limited
OSWALGREEN,Oswal Greentech Limited
OSWALSEEDS,ShreeOswal Seeds And Chemicals Limited
PAGEIND,Page Industries Limited
PAISALO,Paisalo Digital Limited
PAKKA,PAKKA LIMITED
PALASHSECU,Palash Securities Limited
PALREDTEC,Palred Technologies Limited
PANACEABIO,Panacea Biotec Limited
PANACHE,Panache Digilife Limited
PANAMAPET,Panama Petrochem Limited
PANSARI,Pansari Developers Limited
PAR,Par Drugs And Chemicals Limited
PARACABLES,Paramount Communications Limited
PARADEEP,Paradeep Phosphates Limited
PARAGMILK,Parag Milk Foods Limited
PARAS,Paras Defence and Space Technologies Limited
PARASPETRO,Paras Petrofils Limited
PARKHOTELS,Apeejay Surrendra Park Hotels Limited
PARSVNATH,Parsvnath Developers Limited
PASUPTAC,Pasupati Acrylon Limited
PATANJALI,Patanjali Foods Limited
PATELENG,Patel Engineering Limited
PATINTLOG,Patel Integrated Logistics Limited
PAVNAIND,Pavna Industries Limited
PAYTM,One 97 Communications Limited
PCBL,PCBL LIMITED
PCJEWELLER,PC Jeweller Limited
PDMJEPAPER,Pudumjee Paper Products Limited
PDSL,PDS Limited
PEARLPOLY,Pearl Polymers Limited
PEL,Piramal Enterprises Limited
PENIND,Pennar Industries Limited
PENINLAND,Peninsula Land Limited
PERSISTENT,Persistent Systems Limited
PETRONET,Petronet LNG Limited
PFC,Power Finance Corporation Limited
PFIZER,Pfizer Limited
PFOCUS,Prime Focus Limited
PFS,PTC India Financial Services Limited
PGEL,PG Electroplast Limited
PGHH,Procter & Gamble Hygiene and Health Care Limited
PGHL,Procter & Gamble Health Limited
PGIL,Pearl Global Industries Limited
PHOENIXLTD,The Phoenix Mills Limited
PIDILITIND,Pidilite Industries Limited
PIGL,Power & Instrumentation (Gujarat) Limited
PIIND,PI Industries Limited
PILANIINVS,Pilani Investment and Industries Corporation Limited
PILITA,PIL ITALICA LIFESTYLE LIMITED
PIONEEREMB,Pioneer Embroideries Limited
PITTIENG,Pitti Engineering Limited
PIXTRANS,Pix Transmissions Limited
PKTEA,The Peria Karamalai Tea & Produce Company Limited
PLASTIBLEN,Plastiblends India Limited
PLATIND,Platinum Industries Limited
PLAZACABLE,Plaza Wires Limited
PNB,Punjab National Bank
PNBGILTS,PNB Gilts Limited
PNBHOUSING,PNB Housing Finance Limited
PNC,Pritish Nandy Communications Limited
PNCINFRA,PNC Infratech Limited
POCL,Pondy Oxides & Chemicals Limited
PODDARHOUS,Poddar Housing and Development Limited
PODDARMENT,Poddar Pigments Limited
POKARNA,Pokarna Limited
POLICYBZR,PB Fintech Limited
POLYCAB,Polycab India Limited
POLYMED,Poly Medicure Limited
POLYPLEX,Polyplex Corporation Limited
PONNIERODE,Ponni Sugars (Erode) Limited
POONAWALLA,Poonawalla Fincorp Limited
POWERGRID,Power Grid Corporation of India Limited
POWERINDIA,Hitachi Energy India Limited
POWERMECH,Power Mech Projects Limited
PPAP,PPAP Automotive Limited
PPL,Prakash Pipes Limited
PPLPHARMA,Piramal Pharma Limited
PRAENG,Prajay Engineers Syndicate Limited
PRAJIND,Praj Industries Limited
PRAKASH,Prakash Industries Limited
PRAKASHSTL,Prakash Steelage Limited
PRAXIS,Praxis Home Retail Limited
PRECAM,Precision Camshafts Limited
PRECOT,Precot Limited
PRECWIRE,Precision Wires India Limited
PREMEXPLN,Premier Explosives Limited
PREMIER,Premier Limited
PREMIERPOL,Premier Polyfilm Limited
PRESTIGE,Prestige Estates Projects Limited
PRICOLLTD,Pricol Limited
PRIMESECU,Prime Securities Limited
PRINCEPIPE,Prince Pipes And Fittings Limited
PRITI,Priti International Limited
PRITIKAUTO,Pritika Auto Industries Limited
PRIVISCL,Privi Speciality Chemicals Limited
PROZONER,Prozone Realty Limited
PRSMJOHNSN,Prism Johnson Limited
PRUDENT,Prudent Corporate Advisory Services Limited
PRUDMOULI,Prudential Sugar Corporation Limited
PSB,Punjab & Sind Bank
PSPPROJECT,PSP Projects Limited
PTC,PTC India Limited
PTCIL,PTC Industries Limited
PTL,PTL Enterprises Limited
PUNJABCHEM,Punjab Chemicals & Crop Protection Limited
PURVA,Puravankara Limited
PVP,PVP Ventures Limited
PVRINOX,PVR INOX Limited
PVSL,Popular Vehicles and Services Limited
PYRAMID,Pyramid Technoplast Limited
QUESS,Quess Corp Limited
QUICKHEAL,Quick Heal Technologies Limited
RACE,Race Eco Chain Limited
RADAAN,Radaan Mediaworks India Limited
RADHIKAJWE,Radhika Jeweltech Limited
RADIANTCMS,Radiant Cash Management Services Limited
RADICO,Radico Khaitan Limited
RADIOCITY,Music Broadcast Limited
RAILTEL,Railtel Corporation Of India Limited
RAIN,Rain Industries Limited
RAINBOW,Rainbow Childrens Medicare Limited
RAJESHEXPO,Rajesh Exports Limited
RAJMET,Rajnandini Metal Limited
RAJRATAN,Rajratan Global Wire Limited
RAJRILTD,Raj Rayon Industries Limited
RAJSREESUG,Rajshree Sugars & Chemicals Limited
RAJTV,Raj Television Network Limited
RALLIS,Rallis India Limited
RAMANEWS,Shree Rama Newsprint Limited
RAMAPHO,Rama Phosphates Limited
RAMASTEEL,Rama Steel Tubes Limited
RAMCOCEM,The Ramco Cements Limited
RAMCOIND,Ramco Industries Limited
RAMCOSYS,Ramco Systems Limited
RAMKY,Ramky Infrastructure Limited
RAMRAT,Ram Ratna Wires Limited
RANASUG,Rana Sugars Limited
RANEENGINE,Rane Engine Valve Limited
RANEHOLDIN,Rane Holdings Limited
RATEGAIN,Rategain Travel Technologies Limited
RATNAMANI,Ratnamani Metals & Tubes Limited
RATNAVEER,Ratnaveer Precision Engineering Limited
RAYMOND,Raymond Limited
RBA,Restaurant Brands Asia Limited
RBL,Rane Brake Lining Limited
RBLBANK,RBL Bank Limited
RBZJEWEL,RBZ Jewellers Limited
RCF,Rashtriya Chemicals and Fertilizers Limited
RECLTD,REC Limited
REDINGTON,Redington Limited
REDTAPE,Redtape Limited
REFEX,Refex Industries Limited
REGENCERAM,Regency Ceramics Limited
RELAXO,Relaxo Footwears Limited
RELCHEMQ,Reliance Chemotex Industries Limited
RELIABLE,Reliable Data Services Limited
RELIANCE,Reliance Industries Limited
RELIGARE,Religare Enterprises Limited
RELINFRA,Reliance Infrastructure Limited
REMSONSIND,Remsons Industries Limited
RENUKA,Shree Renuka Sugars Limited
REPCOHOME,Repco Home Finance Limited
REPL,Rudrabhishek Enterprises Limited
REPRO,Repro India Limited
RESPONIND,Responsive Industries Limited
RETAIL,JHS Svendgaard Retail Ventures Limited
RGL,Renaissance Global Limited
RHFL,Reliance Home Finance Limited
RHIM,RHI MAGNESITA INDIA LIMITED
RHL,Robust Hotels Limited
RICOAUTO,Rico Auto Industries Limited
RIIL,Reliance Industrial Infrastructure Limited
RISHABH,Rishabh Instruments Limited
RITCO,Ritco Logistics Limited
RITES,RITES Limited
RKDL,Ravi Kumar Distilleries Limited
RKEC,RKEC Projects Limited
RKFORGE,Ramkrishna Forgings Limited
RKSWAMY,R K Swamy Limited
RML,Rane (Madras) Limited
ROHLTD,Royal Orchid Hotels Limited
ROLEXRINGS,Rolex Rings Limited
ROLLT,Rollatainers Limited
ROML,Raj Oil Mills Limited
ROSSARI,Rossari Biotech Limited
ROSSELLIND,Rossell India Limited
ROTO,Roto Pumps Limited
ROUTE,ROUTE MOBILE LIMITED
RPGLIFE,RPG Life Sciences Limited
RPOWER,Reliance Power Limited
RPPINFRA,R.P.P. Infra Projects Limited
RPPL,Rajshree Polypack Limited
RPSGVENT,RPSG VENTURES LIMITED
RPTECH,Rashi Peripherals Limited
RRKABEL,R R Kabel Limited
RSSOFTWARE,R. S. Software (India) Limited
RSWM,RSWM Limited
RSYSTEMS,R Systems International Limited
RTNINDIA,RattanIndia Enterprises Limited
RTNPOWER,RattanIndia Power Limited
RUBYMILLS,The Ruby Mills Limited
RUCHINFRA,Ruchi Infrastructure Limited
RUCHIRA,Ruchira Papers Limited
RUPA,Rupa & Company Limited
RUSHIL,Rushil Decor Limited
RUSTOMJEE,Keystone Realtors Limited
RVHL,Ravinder Heights Limited
RVNL,Rail Vikas Nigam Limited
S&SPOWER,S&S Power Switchgears Limited
SABEVENTS,Sab Events & Governance Now Media Limited
SABTNL,Sri Adhikari Brothers Television Network Limited
SADBHAV,Sadbhav Engineering Limited
SADBHIN,Sadbhav Infrastructure Project Limited
SADHNANIQ,Sadhana Nitrochem Limited
SAFARI,Safari Industries (India) Limited
SAGARDEEP,Sagardeep Alloys Limited
SAGCEM,Sagar Cements Limited
SAH,Sah Polymers Limited
SAHYADRI,Sahyadri Industries Limited
SAIL,Steel Authority of India Limited
SAKAR,Sakar Healthcare Limited
SAKHTISUG,Sakthi Sugars Limited
SAKSOFT,Saksoft Limited
SAKUMA,Sakuma Exports Limited
SALASAR,Salasar Techno Engineering Limited
SALONA,Salona Cotspin Limited
SALSTEEL,S.A.L. Steel Limited
SALZERELEC,Salzer Electronics Limited
SAMBHAAV,Sambhaav Media Limited
SAMHI,Samhi Hotels Limited
SAMPANN,Sampann Utpadan India Limited
SANDESH,The Sandesh Limited
SANDHAR,Sandhar Technologies Limited
SANDUMA,Sandur Manganese & Iron Ores Limited
SANGAMIND,Sangam (India) Limited
SANGHIIND,Sanghi Industries Limited
SANGHVIMOV,Sanghvi Movers Limited
SANGINITA,Sanginita Chemicals Limited
SANOFI,Sanofi India Limited
SANSERA,Sansera Engineering Limited
SAPPHIRE,Sapphire Foods India Limited
SARDAEN,Sarda Energy & Minerals Limited
SAREGAMA,Saregama India Limited
SARLAPOLY,Sarla Performance Fibers Limited
SARVESHWAR,Sarveshwar Foods Limited
SASKEN,Sasken Technologies Limited
SASTASUNDR,Sastasundar Ventures Limited
SATIA,Satia Industries Limited
SATIN,Satin Creditcare Network Limited
SATINDLTD,Sat Industries Limited
SAURASHCEM,Saurashtra Cement Limited
SBC,SBC Exports Limited
SBCL,Shivalik Bimetal Controls Limited
SBFC,SBFC Finance Limited
SBGLP,Suratwwala Business Group Limited
SBICARD,SBI Cards and Payment Services Limited
SBILIFE,SBI Life Insurance Company Limited
SBIN,State Bank of India
SCHAEFFLER,Schaeffler India Limited
SCHAND,S Chand And Company Limited
SCHNEIDER,Schneider Electric Infrastructure Limited
SCI,Shipping Corporation Of India Limited
SCILAL,Shipping Corporation of India Land and Assets Limited
SCPL,Sheetal Cool Products Limited
SDBL,Som Distilleries & Breweries Limited
SEAMECLTD,Seamec Limited
SECMARK,SecMark Consultancy Limited
SECURCRED,SecUR Credentials Limited
SECURKLOUD,SECUREKLOUD TECHNOLOGIES LIMITED
SEJALLTD,Sejal Glass Limited
SELAN,Selan Exploration Technology Limited
SELMC,SEL Manufacturing Company Limited
SEMAC,SEMAC CONSULTANTS LIMITED
SENCO,Senco Gold Limited
SEPC,SEPC Limited
SEPC-RE2,SEPC Limited-RE
SEQUENT,Sequent Scientific Limited
SERVOTECH,Servotech Power Systems Limited
SESHAPAPER,Seshasayee Paper and Boards Limited
SETCO,Setco Automotive Limited
SEYAIND,Seya Industries Limited
SFL,Sheela Foam Limited
SGIL,Synergy Green Industries Limited
SGL,STL Global Limited
SHAH,Shah Metacorp Limited
SHAHALLOYS,Shah Alloys Limited
SHAILY,Shaily Engineering Plastics Limited
SHAKTIPUMP,Shakti Pumps (India) Limited
SHALBY,Shalby Limited
SHALPAINTS,Shalimar Paints Limited
SHANKARA,Shankara Building Products Limited
SHANTI,Shanti Overseas (India) Limited
SHANTIGEAR,Shanthi Gears Limited
SHARDACROP,Sharda Cropchem Limited
SHARDAMOTR,Sharda Motor Industries Limited
SHAREINDIA,Share India Securities Limited
SHEMAROO,Shemaroo Entertainment Limited
SHILPAMED,Shilpa Medicare Limited
SHIVALIK,Shivalik Rasayan Limited
SHIVAMAUTO,Shivam Autotech Limited
SHIVAMILLS,Shiva Mills Limited
SHIVATEX,Shiva Texyarn Limited
SHK,S H Kelkar and Company Limited
SHOPERSTOP,Shoppers Stop Limited
SHRADHA,Shradha Infraprojects Limited
SHREDIGCEM,Shree Digvijay Cement Co.Ltd
SHREECEM,SHREE CEMENT LIMITED
SHREEPUSHK,Shree Pushkar Chemicals & Fertilisers Limited
SHREERAMA,Shree Rama Multi-Tech Limited
SHRENIK,Shrenik Limited
SHREYANIND,Shreyans Industries Limited
SHREYAS,Shreyas Shipping & Logistics Limited
SHRIPISTON,Shriram Pistons & Rings Limited
SHRIRAMFIN,Shriram Finance Limited
SHRIRAMPPS,Shriram Properties Limited
SHYAMCENT,Shyam Century Ferrous Limited
SHYAMMETL,Shyam Metalics and Energy Limited
SHYAMTEL,Shyam Telecom Limited
SIEMENS,Siemens Limited
SIGACHI,Sigachi Industries Limited
SIGIND,Signet Industries Limited
SIGMA,Sigma Solve Limited
SIGNATURE,Signatureglobal (India) Limited
SIGNPOST,Signpost India Limited
SIKKO,Sikko Industries Limited
SIL,Standard Industries Limited
SILGO,Silgo Retail Limited
SILINV,SIL Investments Limited
SILLYMONKS,Silly Monks Entertainment Limited
SILVERTUC,Silver Touch Technologies Limited
SIMBHALS,Simbhaoli Sugars Limited
SIMPLEXINF,Simplex Infrastructures Limited
SINCLAIR,Sinclairs Hotels Limited
SINDHUTRAD,Sindhu Trade Links Limited
SINTERCOM,Sintercom India Limited
SIRCA,Sirca Paints India Limited
SIS,SIS LIMITED
SITINET,Siti Networks Limited
SIYSIL,Siyaram Silk Mills Limited
SJS,S.J.S. Enterprises Limited
SJVN,SJVN Limited
SKFINDIA,SKF India Limited
SKIPPER,Skipper Limited
SKMEGGPROD,SKM Egg Products Export (India) Limited
SKYGOLD,Sky Gold Limited
SMARTLINK,Smartlink Holdings Limited
SMCGLOBAL,SMC Global Securities Limited
SMLISUZU,SML Isuzu Limited
SMLT,Sarthak Metals Limited
SMSLIFE,SMS Lifesciences India Limited
SMSPHARMA,SMS Pharmaceuticals Limited
SNOWMAN,Snowman Logistics Limited
SOBHA,Sobha Limited
SOFTTECH,Softtech Engineers Limited
SOLARA,Solara Active Pharma Sciences Limited
SOLARINDS,Solar Industries India Limited
SOMANYCERA,Somany Ceramics Limited
SOMATEX,Soma Textiles & Industries Limited
SOMICONVEY,Somi Conveyor Beltings Limited
SONACOMS,Sona BLW Precision Forgings Limited
SONAMLTD,SONAM LIMITED
SONATSOFTW,Sonata Software Limited
SOTL,Savita Oil Technologies Limited
SOUTHBANK,The South Indian Bank Limited
SOUTHWEST,South West Pinnacle Exploration Limited
SPAL,S. P. Apparels Limited
SPANDANA,Spandana Sphoorty Financial Limited
SPARC,Sun Pharma Advanced Research Company Limited
SPCENET,Spacenet Enterprises India Limited
SPECIALITY,Speciality Restaurants Limited
SPENCERS,Spencer's Retail Limited
SPIC,Southern Petrochemicals Industries Corporation  Limited
SPLIL,SPL Industries Limited
SPLPETRO,Supreme Petrochem Limited
SPMLINFRA,SPML Infra Limited
SPORTKING,Sportking India Limited
SPYL,Shekhawati Poly-Yarn Limited
SREEL,Sreeleathers Limited
SRF,SRF Limited
SRGHFL,SRG Housing Finance Limited
SRHHYPOLTD,Sree Rayalaseema Hi-Strength Hypo Limited
SRM,SRM Contractors Limited
SRPL,Shree Ram Proteins Limited
SSWL,Steel Strips Wheels Limited
STANLEY,Stanley Lifestyles Limited
STAR,Strides Pharma Science Limited
STARCEMENT,Star Cement Limited
STARHEALTH,Star Health and Allied Insurance Company Limited
STARPAPER,Star Paper Mills Limited
STARTECK,Starteck Finance Limited
STCINDIA,The State Trading Corporation of India Limited
STEELCAS,Steelcast Limited
STEELCITY,Steel City Securities Limited
STEELXIND,STEEL EXCHANGE INDIA LIMITED
STEL,Stel Holdings Limited
STERTOOLS,Sterling Tools Limited
STLTECH,Sterlite Technologies Limited
STOVEKRAFT,Stove Kraft Limited
STYLAMIND,Stylam Industries Limited
STYRENIX,Styrenix Performance Materials Limited
SUBEXLTD,Subex Limited
SUBROS,Subros Limited
SUDARSCHEM,Sudarshan Chemical Industries Limited
SUKHJITS,Sukhjit Starch & Chemicals Limited
SULA,Sula Vineyards Limited
SUMICHEM,Sumitomo Chemical India Limited
SUMIT,Sumit Woods Limited
SUMMITSEC,Summit Securities Limited
SUNCLAY,Sundaram Clayton Limited
SUNDARAM,Sundaram Multi Pap Limited
SUNDARMFIN,Sundaram Finance Limited
SUNDARMHLD,Sundaram Finance Holdings Limited
SUNDRMBRAK,Sundaram Brake Linings Limited
SUNDRMFAST,Sundram Fasteners Limited
SUNFLAG,Sunflag Iron And Steel Company Limited
SUNPHARMA,Sun Pharmaceutical Industries Limited
SUNTECK,Sunteck Realty Limited
SUNTV,Sun TV Network Limited
SUPERHOUSE,Superhouse Limited
SUPERSPIN,Super Spinning Mills Limited
SUPRAJIT,Suprajit Engineering Limited
SUPREMEENG,Supreme Engineering Limited
SUPREMEIND,Supreme Industries Limited
SUPREMEINF,Supreme Infrastructure India Limited
SUPRIYA,Supriya Lifescience Limited
SURAJEST,Suraj Estate Developers Limited
SURANASOL,Surana Solar Limited
SURANAT&P,Surana Telecom and Power Limited
SURYALAXMI,Suryalakshmi Cotton Mills Limited
SURYAROSNI,Surya Roshni Limited
SURYODAY,Suryoday Small Finance Bank Limited
SUTLEJTEX,Sutlej Textiles and Industries Limited
SUULD,Suumaya Industries Limited
SUVEN,Suven Life Sciences Limited
SUVENPHAR,Suven Pharmaceuticals Limited
SUVIDHAA,Suvidhaa Infoserve Limited
SUZLON,Suzlon Energy Limited
SVLL,Shree Vasu Logistics Limited
SVPGLOB,SVP GLOBAL TEXTILES LIMITED
SWANENERGY,Swan Energy Limited
SWARAJENG,Swaraj Engines Limited
SWELECTES,Swelect Energy Systems Limited
SWSOLAR,Sterling and Wilson Renewable Energy Limited
SYMPHONY,Symphony Limited
SYNCOMF,Syncom Formulations (India) Limited
SYNGENE,Syngene International Limited
SYRMA,Syrma SGS Technology Limited
TAINWALCHM,Tainwala Chemical and Plastic (I) Limited
TAJGVK,Taj GVK Hotels & Resorts Limited
TAKE,Take Solutions Limited
TALBROAUTO,Talbros Automotive Components Limited
TANLA,Tanla Platforms Limited
TARACHAND,Tara Chand InfraLogistic Solutions Limited
TARAPUR,Tarapur Transformers Limited
TARC,TARC Limited
TARMAT,Tarmat Limited
TARSONS,Tarsons Products Limited
TASTYBITE,Tasty Bite Eatables Limited
TATACHEM,Tata Chemicals Limited
TATACOMM,Tata Communications Limited
TATACONSUM,TATA CONSUMER PRODUCTS LIMITED
TATAELXSI,Tata Elxsi Limited
TATAINVEST,Tata Investment Corporation Limited
TATAMOTORS,Tata Motors Limited
TATAMTRDVR,Tata Motors Limited
TATAPOWER,Tata Power Company Limited
TATASTEEL,Tata Steel Limited
TATATECH,Tata Technologies Limited
TATVA,Tatva Chintan Pharma Chem Limited
TBOTEK,TBO Tek Limited
TBZ,Tribhovandas Bhimji Zaveri Limited
TCI,Transport Corporation of India Limited
TCIEXP,TCI Express Limited
TCIFINANCE,TCI Finance Limited
TCLCONS,Tantia Constructions Limited
TCNSBRANDS,TCNS Clothing Co. Limited
TCPLPACK,TCPL Packaging Limited
TCS,Tata Consultancy Services Limited
TDPOWERSYS,TD Power Systems Limited
TEAMLEASE,Teamlease Services Limited
TECHIN,Techindia Nirman Limited
TECHM,Tech Mahindra Limited
TECHNOE,Techno Electric & Engineering Company Limited
TECILCHEM,TECIL Chemicals and Hydro Power Limited
TEGA,Tega Industries Limited
TEJASNET,Tejas Networks Limited
TEMBO,Tembo Global Industries Limited
TERASOFT,Tera Software Limited
TEXINFRA,Texmaco Infrastructure & Holdings Limited
TEXMOPIPES,Texmo Pipes and Products Limited
TEXRAIL,Texmaco Rail & Engineering Limited
TFCILTD,Tourism Finance Corporation of India Limited
TFL,Transwarranty Finance Limited
TGBHOTELS,TGB Banquets And Hotels Limited
THANGAMAYL,Thangamayil Jewellery Limited
THEINVEST,The Investment Trust Of India Limited
THEJO,Thejo Engineering Limited
THEMISMED,Themis Medicare Limited
THERMAX,Thermax Limited
THOMASCOOK,Thomas Cook  (India)  Limited
THOMASCOTT,Thomas Scott (India) Limited
THYROCARE,Thyrocare Technologies Limited
TI,Tilaknagar Industries Limited
TIDEWATER,Tide Water Oil Company (India) Limited
TIIL,Technocraft Industries (India) Limited
TIINDIA,Tube Investments of India Limited
TIJARIA,Tijaria Polypipes Limited
TIL,TIL Limited
TIMESGTY,Times Guaranty Limited
TIMETECHNO,Time Technoplast Limited
TIMKEN,Timken India Limited
TIPSFILMS,Tips Films Limited
TIPSINDLTD,TIPS Industries Limited
TIRUMALCHM,Thirumalai Chemicals Limited
TIRUPATIFL,Tirupati Forge Limited
TITAGARH,TITAGARH RAIL SYSTEMS LIMITED
TITAN,Titan Company Limited
TMB,Tamilnad Mercantile Bank Limited
TNPETRO,Tamilnadu PetroProducts Limited
TNPL,Tamil Nadu Newsprint & Papers Limited
TNTELE,Tamilnadu Telecommunication Limited
TOKYOPLAST,Tokyo Plast International Limited
TORNTPHARM,Torrent Pharmaceuticals Limited
TORNTPOWER,Torrent Power Limited
TOTAL,Total Transport Systems Limited
TOUCHWOOD,Touchwood Entertainment Limited
TPHQ,Teamo Productions HQ Limited
TPLPLASTEH,TPL Plastech Limited
TRACXN,Tracxn Technologies Limited
TREEHOUSE,Tree House Education & Accessories Limited
TREJHARA,TREJHARA SOLUTIONS LIMITED
TREL,Transindia Real Estate Limited
TRENT,Trent Limited
TRF,TRF Limited
TRIDENT,Trident Limited
TRIGYN,Trigyn Technologies Limited
TRIL,Transformers And Rectifiers (India) Limited
TRITURBINE,Triveni Turbine Limited
TRIVENI,Triveni Engineering & Industries Limited
TRU,TruCap Finance Limited
TTKHLTCARE,TTK Healthcare Limited
TTKPRESTIG,TTK Prestige Limited
TTL,T T Limited
TTML,Tata Teleservices (Maharashtra) Limited
TV18BRDCST,TV18 Broadcast Limited
TVSELECT,TVS Electronics Limited
TVSHLTD,TVS Holdings Limited
TVSMOTOR,TVS Motor Company Limited
TVSSCS,TVS Supply Chain Solutions Limited
TVSSRICHAK,TVS Srichakra Limited
TVTODAY,TV Today Network Limited
TVVISION,TV Vision Limited
UBL,United Breweries Limited
UCAL,UCAL LIMITED
UCOBANK,UCO Bank
UDAICEMENT,Udaipur Cement Works Limited
UDS,Updater Services Limited
UFLEX,UFLEX Limited
UFO,UFO Moviez India Limited
UGARSUGAR,The Ugar Sugar Works Limited
UGROCAP,Ugro Capital Limited
UJJIVANSFB,Ujjivan Small Finance Bank Limited
ULTRACEMCO,UltraTech Cement Limited
UMAEXPORTS,Uma Exports Limited
UMANGDAIRY,Umang Dairies Limited
UMESLTD,Usha Martin Education & Solutions Limited
UNICHEMLAB,Unichem Laboratories Limited
UNIDT,United Drilling Tools Limited
UNIENTER,Uniphos Enterprises Limited
UNIINFO,Uniinfo Telecom Services Limited
UNIONBANK,Union Bank of India
UNIPARTS,Uniparts India Limited
UNITDSPR,United Spirits Limited
UNITECH,Unitech Limited
UNITEDPOLY,United Polyfab Gujarat Limited
UNITEDTEA,The United Nilgiri Tea Estates Company Limited
UNIVASTU,Univastu India Limited
UNIVCABLES,Universal Cables Limited
UNIVPHOTO,Universus Photo Imagings Limited
UNOMINDA,UNO Minda Limited
UPL,UPL Limited
URAVI,Uravi T and Wedge Lamps Limited
URJA,Urja Global Limited
USHAMART,Usha Martin Limited
USK,Udayshivakumar Infra Limited
UTIAMC,UTI Asset Management Company Limited
UTKARSHBNK,Utkarsh Small Finance Bank Limited
UTTAMSUGAR,Uttam Sugar Mills Limited
V2RETAIL,V2 Retail Limited
VADILALIND,Vadilal Industries Limited
VAIBHAVGBL,Vaibhav Global Limited
VAISHALI,Vaishali Pharma Limited
VAKRANGEE,Vakrangee Limited
VALIANTLAB,Valiant Laboratories Limited
VALIANTORG,Valiant Organics Limited
VARDHACRLC,Vardhman Acrylics Limited
VARDMNPOLY,Vardhman Polytex Limited
VARROC,Varroc Engineering Limited
VASCONEQ,Vascon Engineers Limited
VASWANI,Vaswani Industries Limited
VBL,Varun Beverages Limited
VEDL,Vedanta Limited
VENKEYS,Venky's (India) Limited
VENUSPIPES,Venus Pipes & Tubes Limited
VENUSREM,Venus Remedies Limited
VERANDA,Veranda Learning Solutions Limited
VERTOZ,Vertoz Advertising Limited
VESUVIUS,Vesuvius India Limited
VETO,Veto Switchgears And Cables Limited
VGUARD,V-Guard Industries Limited
VHL,Vardhman Holdings Limited
VIDHIING,Vidhi Specialty Food Ingredients Limited
VIJAYA,Vijaya Diagnostic Centre Limited
VIJIFIN,Viji Finance Limited
VIKASECO,Vikas EcoTech Limited
VIKASLIFE,Vikas Lifecare Limited
VIMTALABS,Vimta Labs Limited
VINATIORGA,Vinati Organics Limited
VINDHYATEL,Vindhya Telelinks Limited
VINEETLAB,Vineet Laboratories Limited
VINNY,Vinny Overseas Limited
VINYLINDIA,Vinyl Chemicals (India) Limited
VIPCLOTHNG,VIP Clothing Limited
VIPIND,VIP Industries Limited
VIPULLTD,Vipul Limited
VIRINCHI,Virinchi Limited
VISAKAIND,Visaka Industries Limited
VISHNU,Vishnu Chemicals Limited
VISHWARAJ,Vishwaraj Sugar Industries Limited
VIVIDHA,Visagar Polytex Limited
VLEGOV,VL E-Governance & IT Solutions Limited
VLSFINANCE,VLS Finance Limited
VMART,V-Mart Retail Limited
VOLTAMP,Voltamp Transformers Limited
VOLTAS,Voltas Limited
VPRPL,Vishnu Prakash R Punglia Limited
VRAJ,Vraj Iron and Steel Limited
VRLLOG,VRL Logistics Limited
VSSL,Vardhman Special Steels Limited
VSTIND,VST Industries Limited
VSTL,Vibhor Steel Tubes Limited
VSTTILLERS,V.S.T Tillers Tractors Limited
VTL,Vardhman Textiles Limited
WABAG,VA Tech Wabag Limited
WALCHANNAG,Walchandnagar Industries Limited
WANBURY,Wanbury Limited
WEALTH,Wealth First Portfolio Managers Limited
WEBELSOLAR,Websol Energy System Limited
WEIZMANIND,Weizmann Limited
WEL,Wonder Electricals Limited
WELCORP,Welspun Corp Limited
WELENT,Welspun Enterprises Limited
WELINV,Welspun Investments and Commercials Limited
WELSPUNLIV,Welspun Living Limited
WENDT,Wendt (India) Limited
WESTLIFE,WESTLIFE FOODWORLD LIMITED
WEWIN,WE WIN LIMITED
WHEELS,Wheels India Limited
WHIRLPOOL,Whirlpool of India Limited
WILLAMAGOR,Williamson Magor & Company Limited
WINDLAS,Windlas Biotech Limited
WINDMACHIN,Windsor Machines Limited
WINSOME,Winsome Yarns Limited
WIPL,The Western India Plywoods Limited
WIPRO,Wipro Limited
WOCKPHARMA,Wockhardt Limited
WONDERLA,Wonderla Holidays Limited
WORTH,Worth Peripherals Limited
WSI,W S Industries (I) Limited
WSTCSTPAPR,West Coast Paper Mills Limited
XCHANGING,Xchanging Solutions Limited
XELPMOC,Xelpmoc Design And Tech Limited
XPROINDIA,Xpro India Limited
YAARI,Yaari Digital Integrated Services Limited
YASHO,Yasho Industries Limited
YATHARTH,Yatharth Hospital & Trauma Care Services Limited
YATRA,Yatra Online Limited
YESBANK,Yes Bank Limited
YUKEN,Yuken India Limited
ZAGGLE,Zaggle Prepaid Ocean Services Limited
ZEEL,Zee Entertainment Enterprises Limited
ZEELEARN,Zee Learn Limited
ZEEMEDIA,Zee Media Corporation Limited
ZENITHEXPO,Zenith Exports Limited
ZENITHSTL,Zenith Steel Pipes & Industries Limited
ZENSARTECH,Zensar Technologies Limited
ZENTEC,Zen Technologies Limited
ZFCVINDIA,ZF Commercial Vehicle Control Systems India Limited
ZIMLAB,Zim Laboratories Limited
ZODIAC,Zodiac Energy Limited
ZODIACLOTH,Zodiac Clothing Company Limited
ZOMATO,Zomato Limited
ZOTA,Zota Health Care LImited
ZUARI,Zuari Agro Chemicals Limited
ZUARIIND,ZUARI INDUSTRIES LIMITED
ZYDUSLIFE,Zydus Lifesciences Limited
ZYDUSWELL,Zydus Wellness Limited
