Date,Open Price,High Price,Low Price,Close Price,No.of Shares,No. of Trades,filename
28-June-2024,4.34,4.34,4.0,4.16,38093,69,Omni Axs Software Ltd.
27-June-2024,3.9,4.38,3.9,4.25,15076,67,Omni Axs Software Ltd.
26-June-2024,4.3,4.38,3.92,4.13,7716,50,Omni Axs Software Ltd.
25-June-2024,4.08,4.35,3.9,4.1,8255,59,Omni Axs Software Ltd.
24-June-2024,4.38,4.38,3.85,4.08,3859,70,Omni Axs Software Ltd.
21-June-2024,4.3,4.3,3.81,4.04,13003,79,Omni Axs Software Ltd.
20-June-2024,4.55,4.55,4.0,4.05,60294,108,Omni Axs Software Ltd.
19-June-2024,4.16,4.58,4.16,4.19,8851,75,Omni Axs Software Ltd.
18-June-2024,4.0,4.35,4.0,4.24,12795,101,Omni Axs Software Ltd.
14-June-2024,3.89,4.24,3.81,4.12,16322,110,Omni Axs Software Ltd.
13-June-2024,4.44,4.44,3.81,3.89,13238,79,Omni Axs Software Ltd.
12-June-2024,4.39,4.39,3.86,4.09,7200,74,Omni Axs Software Ltd.
11-June-2024,4.49,4.6,3.81,4.05,17822,74,Omni Axs Software Ltd.
10-June-2024,3.96,4.29,3.92,4.19,8507,66,Omni Axs Software Ltd.
7-June-2024,4.19,4.19,3.75,3.96,22135,77,Omni Axs Software Ltd.
6-June-2024,3.9,3.9,3.58,3.82,9439,44,Omni Axs Software Ltd.
5-June-2024,3.85,3.85,3.53,3.75,6561,35,Omni Axs Software Ltd.
4-June-2024,3.99,3.99,3.66,3.7,11392,60,Omni Axs Software Ltd.
3-June-2024,4.08,4.08,3.72,3.82,14636,89,Omni Axs Software Ltd.
31-May-2024,3.95,3.95,3.6,3.89,8609,50,Omni Axs Software Ltd.
30-May-2024,4.13,4.13,3.77,3.78,3065,45,Omni Axs Software Ltd.
29-May-2024,4.08,4.08,3.75,3.95,4457,39,Omni Axs Software Ltd.
28-May-2024,3.76,4.09,3.75,3.93,5347,35,Omni Axs Software Ltd.
27-May-2024,3.99,3.99,3.65,3.94,12515,46,Omni Axs Software Ltd.
24-May-2024,3.81,4.18,3.81,3.84,1713,34,Omni Axs Software Ltd.
23-May-2024,4.13,4.13,3.8,4.0,11264,48,Omni Axs Software Ltd.
22-May-2024,3.99,3.99,3.7,3.95,9621,43,Omni Axs Software Ltd.
21-May-2024,3.98,3.98,3.79,3.89,7218,41,Omni Axs Software Ltd.
18-May-2024,3.99,4.0,3.8,3.98,3910,20,Omni Axs Software Ltd.
17-May-2024,3.75,3.87,3.6,3.83,5850,40,Omni Axs Software Ltd.
16-May-2024,3.94,3.94,3.6,3.75,14077,34,Omni Axs Software Ltd.
15-May-2024,3.64,3.81,3.51,3.76,6398,49,Omni Axs Software Ltd.
14-May-2024,3.63,3.63,3.31,3.63,7209,43,Omni Axs Software Ltd.
13-May-2024,3.24,3.47,3.24,3.47,5464,22,Omni Axs Software Ltd.
10-May-2024,3.31,3.36,3.3,3.31,1517,13,Omni Axs Software Ltd.
9-May-2024,3.36,3.36,3.36,3.36,163,5,Omni Axs Software Ltd.
8-May-2024,3.25,3.36,3.25,3.36,4009,5,Omni Axs Software Ltd.
7-May-2024,3.42,3.42,3.3,3.3,2649,8,Omni Axs Software Ltd.
6-May-2024,3.48,3.48,3.36,3.36,817,19,Omni Axs Software Ltd.
3-May-2024,3.42,3.42,3.42,3.42,150,4,Omni Axs Software Ltd.
2-May-2024,3.42,3.48,3.42,3.42,4621,12,Omni Axs Software Ltd.
30-April-2024,3.3,3.42,3.3,3.42,13186,13,Omni Axs Software Ltd.
29-April-2024,3.3,3.36,3.3,3.36,2452,13,Omni Axs Software Ltd.
26-April-2024,3.35,3.35,3.24,3.3,5003,13,Omni Axs Software Ltd.
25-April-2024,3.3,3.35,3.3,3.3,7780,12,Omni Axs Software Ltd.
24-April-2024,3.28,3.3,3.28,3.3,725,7,Omni Axs Software Ltd.
23-April-2024,3.33,3.33,3.28,3.28,3140,14,Omni Axs Software Ltd.
22-April-2024,3.35,3.35,3.33,3.33,129,7,Omni Axs Software Ltd.
19-April-2024,3.39,3.39,3.33,3.39,7788,13,Omni Axs Software Ltd.
18-April-2024,3.45,3.45,3.39,3.39,558,7,Omni Axs Software Ltd.
16-April-2024,3.45,3.45,3.45,3.45,1919,7,Omni Axs Software Ltd.
15-April-2024,3.58,3.58,3.52,3.52,4684,12,Omni Axs Software Ltd.
12-April-2024,3.65,3.65,3.59,3.59,58,5,Omni Axs Software Ltd.
10-April-2024,3.7,3.7,3.66,3.66,880,11,Omni Axs Software Ltd.
9-April-2024,3.8,3.86,3.73,3.73,1463,8,Omni Axs Software Ltd.
8-April-2024,3.87,3.87,3.8,3.8,2886,15,Omni Axs Software Ltd.
5-April-2024,3.87,3.87,3.85,3.87,13296,27,Omni Axs Software Ltd.
4-April-2024,3.69,3.69,3.69,3.69,5369,17,Omni Axs Software Ltd.
3-April-2024,3.4,3.52,3.4,3.52,12345,28,Omni Axs Software Ltd.
2-April-2024,3.36,3.36,3.36,3.36,3738,15,Omni Axs Software Ltd.
1-April-2024,3.0,3.2,3.0,3.2,7474,23,Omni Axs Software Ltd.
28-March-2024,3.05,3.05,3.05,3.05,10290,18,Omni Axs Software Ltd.
27-March-2024,3.49,3.49,3.17,3.17,4953,25,Omni Axs Software Ltd.
26-March-2024,3.5,3.67,3.33,3.33,883,12,Omni Axs Software Ltd.
22-March-2024,3.48,3.5,3.48,3.5,14680,26,Omni Axs Software Ltd.
21-March-2024,3.8,3.8,3.66,3.66,3604,11,Omni Axs Software Ltd.
20-March-2024,3.94,3.94,3.8,3.8,2121,17,Omni Axs Software Ltd.
19-March-2024,4.16,4.16,3.96,3.96,4689,17,Omni Axs Software Ltd.
18-March-2024,4.16,4.16,4.16,4.16,2259,12,Omni Axs Software Ltd.
15-March-2024,4.37,4.37,4.37,4.37,737,10,Omni Axs Software Ltd.
14-March-2024,4.6,4.6,4.59,4.59,439,9,Omni Axs Software Ltd.
13-March-2024,4.62,4.62,4.62,4.62,1082,13,Omni Axs Software Ltd.
12-March-2024,4.4,4.86,4.4,4.86,12817,33,Omni Axs Software Ltd.
11-March-2024,5.03,5.03,4.63,4.63,5460,24,Omni Axs Software Ltd.
7-March-2024,4.95,4.95,4.87,4.87,9664,33,Omni Axs Software Ltd.
6-March-2024,4.88,4.88,4.42,4.73,35744,50,Omni Axs Software Ltd.
5-March-2024,4.21,4.65,4.21,4.65,63273,74,Omni Axs Software Ltd.
4-March-2024,4.43,4.43,4.43,4.43,2894,18,Omni Axs Software Ltd.
2-March-2024,4.66,4.66,4.66,4.66,321,2,Omni Axs Software Ltd.
1-March-2024,4.9,4.9,4.9,4.9,1126,12,Omni Axs Software Ltd.
29-February-2024,5.15,5.15,5.15,5.15,3571,18,Omni Axs Software Ltd.
28-February-2024,5.42,5.42,5.42,5.42,2354,10,Omni Axs Software Ltd.
27-February-2024,5.7,5.7,5.7,5.7,2229,21,Omni Axs Software Ltd.
26-February-2024,5.99,5.99,5.99,5.99,5209,39,Omni Axs Software Ltd.
23-February-2024,6.79,6.79,6.3,6.3,30570,95,Omni Axs Software Ltd.
22-February-2024,6.63,6.63,6.63,6.63,30683,87,Omni Axs Software Ltd.
21-February-2024,6.31,6.32,6.31,6.32,121381,54,Omni Axs Software Ltd.
20-February-2024,6.02,6.02,6.02,6.02,31953,43,Omni Axs Software Ltd.
19-February-2024,5.74,5.74,5.74,5.74,77597,117,Omni Axs Software Ltd.
16-February-2024,5.47,5.47,5.47,5.47,51214,61,Omni Axs Software Ltd.
15-February-2024,5.21,5.21,5.21,5.21,17594,26,Omni Axs Software Ltd.
14-February-2024,4.97,4.97,4.97,4.97,55647,40,Omni Axs Software Ltd.
13-February-2024,4.74,4.74,4.74,4.74,82661,41,Omni Axs Software Ltd.
12-February-2024,4.53,4.53,4.52,4.52,487111,54,Omni Axs Software Ltd.
9-February-2024,4.32,4.32,4.32,4.32,33798,40,Omni Axs Software Ltd.
8-February-2024,4.12,4.12,4.12,4.12,6291,22,Omni Axs Software Ltd.
7-February-2024,3.93,3.93,3.93,3.93,9876,16,Omni Axs Software Ltd.
6-February-2024,3.75,3.75,3.75,3.75,11827,27,Omni Axs Software Ltd.
5-February-2024,3.25,3.58,3.25,3.58,29072,25,Omni Axs Software Ltd.
2-February-2024,3.4,3.5,3.4,3.41,11920,28,Omni Axs Software Ltd.
1-February-2024,3.55,3.6,3.55,3.55,5667,21,Omni Axs Software Ltd.
31-January-2024,3.42,3.56,3.42,3.55,1477,12,Omni Axs Software Ltd.
30-January-2024,3.7,3.7,3.53,3.56,38836,44,Omni Axs Software Ltd.
29-January-2024,3.53,3.53,3.43,3.53,12226,27,Omni Axs Software Ltd.
25-January-2024,3.4,3.54,3.4,3.53,4201,33,Omni Axs Software Ltd.
24-January-2024,3.45,3.45,3.4,3.4,3321,26,Omni Axs Software Ltd.
23-January-2024,3.56,3.56,3.44,3.45,9828,29,Omni Axs Software Ltd.
20-January-2024,3.74,3.74,3.56,3.56,3648,27,Omni Axs Software Ltd.
19-January-2024,3.65,3.74,3.58,3.74,4527,24,Omni Axs Software Ltd.
18-January-2024,3.75,3.75,3.74,3.74,2478,23,Omni Axs Software Ltd.
17-January-2024,3.8,3.8,3.75,3.8,2088,17,Omni Axs Software Ltd.
16-January-2024,3.81,3.82,3.8,3.8,14738,28,Omni Axs Software Ltd.
15-January-2024,3.66,3.84,3.66,3.81,6662,25,Omni Axs Software Ltd.
12-January-2024,3.65,3.66,3.65,3.66,12660,37,Omni Axs Software Ltd.
11-January-2024,3.62,3.74,3.62,3.63,19289,40,Omni Axs Software Ltd.
10-January-2024,4.01,4.01,3.81,3.81,24339,71,Omni Axs Software Ltd.
9-January-2024,4.13,4.13,3.97,4.01,8357,23,Omni Axs Software Ltd.
8-January-2024,4.55,4.55,4.13,4.13,33202,49,Omni Axs Software Ltd.
5-January-2024,4.5,4.5,4.16,4.34,39276,103,Omni Axs Software Ltd.
4-January-2024,4.12,4.39,4.05,4.3,41465,104,Omni Axs Software Ltd.
3-January-2024,4.18,4.21,4.0,4.2,24682,83,Omni Axs Software Ltd.
2-January-2024,4.21,4.4,4.0,4.01,47639,100,Omni Axs Software Ltd.
1-January-2024,4.23,4.25,3.85,4.21,41572,91,Omni Axs Software Ltd.
29-December-2023,4.34,4.34,3.99,4.05,30706,73,Omni Axs Software Ltd.
28-December-2023,4.35,4.35,4.06,4.2,16038,67,Omni Axs Software Ltd.
27-December-2023,4.17,4.24,4.06,4.19,12955,69,Omni Axs Software Ltd.
26-December-2023,4.29,4.32,3.93,4.17,62507,139,Omni Axs Software Ltd.
22-December-2023,4.19,4.19,3.96,4.12,33937,131,Omni Axs Software Ltd.
21-December-2023,4.51,4.51,4.09,4.12,64929,158,Omni Axs Software Ltd.
20-December-2023,4.29,4.32,3.65,4.3,105354,255,Omni Axs Software Ltd.
19-December-2023,3.91,3.94,3.25,3.93,121324,178,Omni Axs Software Ltd.
18-December-2023,3.44,3.68,3.39,3.59,59320,136,Omni Axs Software Ltd.
15-December-2023,3.23,3.36,3.2,3.35,45852,86,Omni Axs Software Ltd.
14-December-2023,3.27,3.27,3.02,3.18,5218,38,Omni Axs Software Ltd.
13-December-2023,3.33,3.38,3.11,3.24,26807,68,Omni Axs Software Ltd.
12-December-2023,3.11,3.34,3.11,3.26,6515,49,Omni Axs Software Ltd.
11-December-2023,3.05,3.28,3.05,3.11,14139,64,Omni Axs Software Ltd.
8-December-2023,3.0,3.15,3.0,3.15,17760,58,Omni Axs Software Ltd.
7-December-2023,3.19,3.29,2.91,3.0,11963,65,Omni Axs Software Ltd.
6-December-2023,3.41,3.41,3.18,3.18,21426,58,Omni Axs Software Ltd.
5-December-2023,3.38,3.39,3.21,3.34,6226,24,Omni Axs Software Ltd.
4-December-2023,3.37,3.37,3.17,3.33,7176,32,Omni Axs Software Ltd.
1-December-2023,3.26,3.34,3.15,3.31,4883,35,Omni Axs Software Ltd.
30-November-2023,3.11,3.34,3.11,3.21,30795,51,Omni Axs Software Ltd.
29-November-2023,3.42,3.42,3.19,3.21,7154,37,Omni Axs Software Ltd.
28-November-2023,3.44,3.44,3.16,3.35,12653,50,Omni Axs Software Ltd.
24-November-2023,3.35,3.42,3.15,3.3,6639,34,Omni Axs Software Ltd.
23-November-2023,3.25,3.26,3.25,3.26,7415,24,Omni Axs Software Ltd.
22-November-2023,3.34,3.34,3.11,3.11,22649,59,Omni Axs Software Ltd.
21-November-2023,3.27,3.34,3.16,3.27,8487,33,Omni Axs Software Ltd.
20-November-2023,3.48,3.48,3.2,3.21,12756,49,Omni Axs Software Ltd.
17-November-2023,3.55,3.55,3.34,3.36,10306,35,Omni Axs Software Ltd.
16-November-2023,3.52,3.52,3.32,3.48,8630,36,Omni Axs Software Ltd.
15-November-2023,3.54,3.54,3.31,3.4,9817,63,Omni Axs Software Ltd.
13-November-2023,3.55,3.55,3.25,3.48,5080,36,Omni Axs Software Ltd.
12-November-2023,3.4,3.4,3.36,3.39,1421,16,Omni Axs Software Ltd.
10-November-2023,3.06,3.25,3.01,3.25,6414,26,Omni Axs Software Ltd.
9-November-2023,3.33,3.33,3.06,3.11,7433,44,Omni Axs Software Ltd.
8-November-2023,3.25,3.25,3.01,3.19,1797,22,Omni Axs Software Ltd.
7-November-2023,3.19,3.19,3.04,3.15,26783,19,Omni Axs Software Ltd.
6-November-2023,3.1,3.19,2.97,3.19,18605,60,Omni Axs Software Ltd.
3-November-2023,3.05,3.05,2.92,3.04,2770,18,Omni Axs Software Ltd.
2-November-2023,3.19,3.19,3.01,3.05,1166,23,Omni Axs Software Ltd.
1-November-2023,3.1,3.15,3.01,3.05,6136,27,Omni Axs Software Ltd.
31-October-2023,3.34,3.34,3.07,3.08,4222,22,Omni Axs Software Ltd.
30-October-2023,3.26,3.26,3.04,3.19,2202,20,Omni Axs Software Ltd.
27-October-2023,3.22,3.22,2.96,3.2,793,8,Omni Axs Software Ltd.
26-October-2023,3.26,3.28,3.07,3.08,3253,28,Omni Axs Software Ltd.
25-October-2023,3.17,3.25,3.08,3.2,2667,15,Omni Axs Software Ltd.
23-October-2023,3.32,3.44,3.17,3.18,7175,32,Omni Axs Software Ltd.
20-October-2023,3.47,3.49,3.25,3.32,1843,17,Omni Axs Software Ltd.
19-October-2023,3.47,3.47,3.18,3.4,27509,24,Omni Axs Software Ltd.
18-October-2023,3.4,3.56,3.26,3.33,8134,26,Omni Axs Software Ltd.
17-October-2023,3.57,3.57,3.27,3.4,5068,26,Omni Axs Software Ltd.
16-October-2023,3.2,3.4,3.09,3.4,30032,53,Omni Axs Software Ltd.
13-October-2023,3.51,3.51,3.23,3.25,16575,54,Omni Axs Software Ltd.
12-October-2023,3.33,3.47,3.26,3.39,3904,33,Omni Axs Software Ltd.
11-October-2023,3.33,3.55,3.31,3.33,1634,26,Omni Axs Software Ltd.
10-October-2023,3.39,3.54,3.23,3.47,11245,43,Omni Axs Software Ltd.
9-October-2023,3.59,3.59,3.37,3.39,5805,23,Omni Axs Software Ltd.
6-October-2023,3.67,3.67,3.38,3.49,7300,30,Omni Axs Software Ltd.
5-October-2023,3.68,3.69,3.36,3.55,11514,39,Omni Axs Software Ltd.
4-October-2023,3.55,3.58,3.5,3.52,11389,24,Omni Axs Software Ltd.
3-October-2023,3.73,3.73,3.42,3.42,8953,38,Omni Axs Software Ltd.
29-September-2023,3.46,3.74,3.46,3.6,496174,36,Omni Axs Software Ltd.
28-September-2023,3.74,3.74,3.42,3.6,2511,23,Omni Axs Software Ltd.
27-September-2023,3.74,3.84,3.56,3.59,10198,36,Omni Axs Software Ltd.
26-September-2023,3.69,3.79,3.56,3.74,7735,26,Omni Axs Software Ltd.
25-September-2023,3.75,3.75,3.42,3.71,8424,34,Omni Axs Software Ltd.
22-September-2023,3.43,3.68,3.43,3.6,2879,22,Omni Axs Software Ltd.
21-September-2023,3.78,3.78,3.58,3.59,3834,37,Omni Axs Software Ltd.
20-September-2023,3.83,3.89,3.61,3.65,9780,37,Omni Axs Software Ltd.
18-September-2023,3.51,3.8,3.51,3.75,15439,44,Omni Axs Software Ltd.
15-September-2023,3.88,3.89,3.65,3.66,12267,49,Omni Axs Software Ltd.
14-September-2023,3.86,3.89,3.66,3.8,21567,26,Omni Axs Software Ltd.
13-September-2023,3.82,3.85,3.6,3.78,4364,32,Omni Axs Software Ltd.
12-September-2023,3.7,3.88,3.55,3.73,6973,35,Omni Axs Software Ltd.
11-September-2023,3.79,3.79,3.53,3.71,6102,51,Omni Axs Software Ltd.
8-September-2023,3.62,3.78,3.48,3.68,18546,68,Omni Axs Software Ltd.
7-September-2023,3.64,3.79,3.48,3.62,4040,22,Omni Axs Software Ltd.
6-September-2023,3.65,3.65,3.53,3.64,6341,33,Omni Axs Software Ltd.
5-September-2023,3.77,3.78,3.52,3.52,9180,47,Omni Axs Software Ltd.
4-September-2023,3.61,3.88,3.61,3.7,8677,35,Omni Axs Software Ltd.
1-September-2023,3.61,3.88,3.61,3.78,7526,29,Omni Axs Software Ltd.
31-August-2023,3.68,3.86,3.68,3.72,9575,44,Omni Axs Software Ltd.
30-August-2023,3.79,4.04,3.77,3.86,5368,34,Omni Axs Software Ltd.
29-August-2023,4.14,4.14,3.81,3.87,3251,30,Omni Axs Software Ltd.
28-August-2023,4.29,4.29,3.92,4.0,11884,38,Omni Axs Software Ltd.
25-August-2023,4.03,4.16,3.86,4.12,7212,37,Omni Axs Software Ltd.
24-August-2023,3.98,4.03,3.7,4.03,170650,89,Omni Axs Software Ltd.
23-August-2023,3.99,3.99,3.68,3.84,4233,41,Omni Axs Software Ltd.
22-August-2023,3.61,3.9,3.61,3.85,5846,23,Omni Axs Software Ltd.
21-August-2023,3.8,3.9,3.66,3.76,9146,42,Omni Axs Software Ltd.
18-August-2023,3.75,3.8,3.58,3.72,4920,25,Omni Axs Software Ltd.
17-August-2023,3.73,3.89,3.55,3.65,17185,44,Omni Axs Software Ltd.
16-August-2023,4.09,4.09,3.71,3.73,14893,58,Omni Axs Software Ltd.
14-August-2023,4.07,4.08,3.75,3.9,8477,53,Omni Axs Software Ltd.
11-August-2023,3.53,3.89,3.53,3.89,17597,50,Omni Axs Software Ltd.
10-August-2023,4.0,4.0,3.71,3.71,21232,48,Omni Axs Software Ltd.
9-August-2023,4.07,4.07,3.71,3.9,3586,27,Omni Axs Software Ltd.
8-August-2023,3.9,4.24,3.9,3.9,3122,32,Omni Axs Software Ltd.
7-August-2023,4.06,4.17,3.8,4.08,10660,41,Omni Axs Software Ltd.
4-August-2023,4.38,4.38,3.98,3.98,15564,52,Omni Axs Software Ltd.
3-August-2023,4.39,4.59,4.18,4.18,20395,31,Omni Axs Software Ltd.
2-August-2023,4.62,4.62,4.39,4.39,3113,17,Omni Axs Software Ltd.
1-August-2023,4.67,4.67,4.54,4.62,4666,21,Omni Axs Software Ltd.
31-July-2023,5.22,5.24,4.77,4.77,13959,61,Omni Axs Software Ltd.
28-July-2023,5.39,5.39,5.02,5.02,11067,69,Omni Axs Software Ltd.
27-July-2023,5.46,5.46,4.94,5.28,33122,100,Omni Axs Software Ltd.
26-July-2023,5.2,5.2,4.72,5.2,116263,139,Omni Axs Software Ltd.
25-July-2023,4.96,4.96,4.7,4.96,37200,83,Omni Axs Software Ltd.
24-July-2023,4.72,4.73,4.72,4.73,12469,30,Omni Axs Software Ltd.
21-July-2023,4.47,4.59,4.38,4.51,209806,600,Omni Axs Software Ltd.
20-July-2023,4.34,4.38,4.07,4.38,78706,94,Omni Axs Software Ltd.
19-July-2023,4.29,4.33,4.05,4.18,35050,87,Omni Axs Software Ltd.
18-July-2023,4.08,4.13,3.75,4.13,24363,76,Omni Axs Software Ltd.
17-July-2023,3.85,3.94,3.6,3.94,88909,142,Omni Axs Software Ltd.
14-July-2023,3.61,3.79,3.44,3.76,33667,63,Omni Axs Software Ltd.
13-July-2023,3.61,3.61,3.3,3.61,52227,83,Omni Axs Software Ltd.
12-July-2023,3.35,3.44,3.13,3.44,91915,76,Omni Axs Software Ltd.
11-July-2023,3.3,3.59,3.28,3.28,5142,32,Omni Axs Software Ltd.
10-July-2023,3.45,3.78,3.42,3.45,8079,22,Omni Axs Software Ltd.
7-July-2023,3.9,3.9,3.6,3.6,192,5,Omni Axs Software Ltd.
6-July-2023,3.68,3.74,3.51,3.74,10454,27,Omni Axs Software Ltd.
5-July-2023,3.4,3.57,3.23,3.57,30920,39,Omni Axs Software Ltd.
4-July-2023,3.33,3.49,3.17,3.4,17906,15,Omni Axs Software Ltd.
3-July-2023,3.42,3.42,3.33,3.33,921,4,Omni Axs Software Ltd.
30-June-2023,3.5,3.5,3.5,3.5,8538,12,Omni Axs Software Ltd.
28-June-2023,3.85,3.85,3.66,3.66,4540,7,Omni Axs Software Ltd.
27-June-2023,3.85,3.85,3.85,3.85,1605,10,Omni Axs Software Ltd.
26-June-2023,3.67,3.85,3.5,3.85,12475,33,Omni Axs Software Ltd.
23-June-2023,3.67,3.67,3.67,3.67,21498,72,Omni Axs Software Ltd.
22-June-2023,3.5,3.5,3.5,3.5,7772,24,Omni Axs Software Ltd.
21-June-2023,3.04,3.34,3.04,3.34,10589,33,Omni Axs Software Ltd.
20-June-2023,3.35,3.35,3.19,3.19,421,4,Omni Axs Software Ltd.
19-June-2023,3.26,3.42,3.26,3.35,2393,13,Omni Axs Software Ltd.
16-June-2023,3.56,3.56,3.26,3.26,6965,19,Omni Axs Software Ltd.
15-June-2023,3.61,3.61,3.43,3.43,139,6,Omni Axs Software Ltd.
14-June-2023,3.61,3.61,3.61,3.61,9,2,Omni Axs Software Ltd.
12-June-2023,3.63,3.63,3.63,3.63,571,8,Omni Axs Software Ltd.
9-June-2023,3.63,3.63,3.63,3.63,503,12,Omni Axs Software Ltd.
8-June-2023,3.64,3.74,3.63,3.63,21716,30,Omni Axs Software Ltd.
7-June-2023,4.2,4.2,3.82,3.82,14017,33,Omni Axs Software Ltd.
6-June-2023,3.8,4.02,3.8,4.02,15594,67,Omni Axs Software Ltd.
5-June-2023,3.49,3.83,3.17,3.83,8241,18,Omni Axs Software Ltd.
2-June-2023,3.3,3.49,3.3,3.49,5543,10,Omni Axs Software Ltd.
1-June-2023,2.91,3.49,2.91,3.49,3956,12,Omni Axs Software Ltd.
31-May-2023,3.4,3.4,3.15,3.22,5354,8,Omni Axs Software Ltd.
30-May-2023,2.85,3.4,2.85,3.4,10864,25,Omni Axs Software Ltd.
29-May-2023,2.65,3.1,2.61,3.1,37808,33,Omni Axs Software Ltd.
26-May-2023,3.13,3.13,2.9,2.9,1986,16,Omni Axs Software Ltd.
25-May-2023,2.75,3.0,2.75,2.86,162,4,Omni Axs Software Ltd.
24-May-2023,2.85,3.01,2.85,3.01,5539,9,Omni Axs Software Ltd.
23-May-2023,2.81,2.9,2.8,2.85,8324,17,Omni Axs Software Ltd.
22-May-2023,2.56,2.81,2.56,2.81,6536,17,Omni Axs Software Ltd.
19-May-2023,2.75,2.75,2.56,2.56,1128,5,Omni Axs Software Ltd.
18-May-2023,2.36,2.75,2.36,2.75,7787,19,Omni Axs Software Ltd.
17-May-2023,2.46,2.51,2.45,2.51,5579,15,Omni Axs Software Ltd.
16-May-2023,2.44,2.7,2.44,2.7,1341,11,Omni Axs Software Ltd.
15-May-2023,2.66,2.75,2.66,2.7,1212,9,Omni Axs Software Ltd.
12-May-2023,2.47,2.67,2.47,2.66,1077,7,Omni Axs Software Ltd.
11-May-2023,2.5,2.65,2.5,2.62,1866,16,Omni Axs Software Ltd.
10-May-2023,2.51,2.75,2.51,2.75,3099,4,Omni Axs Software Ltd.
9-May-2023,2.57,2.78,2.57,2.78,2220,9,Omni Axs Software Ltd.
8-May-2023,2.45,2.85,2.45,2.85,1394,19,Omni Axs Software Ltd.
5-May-2023,2.51,2.71,2.51,2.6,2361,8,Omni Axs Software Ltd.
4-May-2023,2.5,2.73,2.5,2.72,3480,15,Omni Axs Software Ltd.
3-May-2023,2.9,2.9,2.51,2.51,2657,11,Omni Axs Software Ltd.
2-May-2023,2.52,2.77,2.52,2.65,3260,17,Omni Axs Software Ltd.
28-April-2023,2.75,2.75,2.52,2.52,2389,11,Omni Axs Software Ltd.
27-April-2023,2.55,2.75,2.51,2.75,2044,11,Omni Axs Software Ltd.
26-April-2023,2.34,2.6,2.34,2.51,2498,7,Omni Axs Software Ltd.
25-April-2023,2.41,2.9,2.41,2.6,494,10,Omni Axs Software Ltd.
24-April-2023,2.51,2.68,2.51,2.65,1279,11,Omni Axs Software Ltd.
21-April-2023,2.68,2.68,2.68,2.68,3,1,Omni Axs Software Ltd.
20-April-2023,2.68,2.68,2.51,2.68,608,9,Omni Axs Software Ltd.
19-April-2023,2.71,2.92,2.68,2.68,1401,15,Omni Axs Software Ltd.
18-April-2023,2.68,2.68,2.68,2.68,5768,13,Omni Axs Software Ltd.
17-April-2023,2.75,2.75,2.45,2.45,1903,7,Omni Axs Software Ltd.
13-April-2023,2.89,2.89,2.69,2.69,3520,33,Omni Axs Software Ltd.
12-April-2023,2.37,2.68,2.31,2.68,12161,28,Omni Axs Software Ltd.
11-April-2023,2.42,2.63,2.4,2.44,1875,29,Omni Axs Software Ltd.
10-April-2023,2.6,2.6,2.37,2.4,3923,29,Omni Axs Software Ltd.
6-April-2023,2.5,2.5,2.35,2.49,2457,25,Omni Axs Software Ltd.
5-April-2023,2.49,2.49,2.4,2.41,1474,23,Omni Axs Software Ltd.
3-April-2023,2.19,2.4,2.19,2.4,7542,39,Omni Axs Software Ltd.
31-March-2023,2.45,2.45,2.3,2.3,3059,23,Omni Axs Software Ltd.
29-March-2023,2.4,2.4,2.28,2.4,3752,23,Omni Axs Software Ltd.
28-March-2023,2.55,2.59,2.4,2.4,3566,26,Omni Axs Software Ltd.
27-March-2023,2.73,2.73,2.52,2.52,6916,38,Omni Axs Software Ltd.
24-March-2023,2.78,2.86,2.65,2.65,4311,22,Omni Axs Software Ltd.
23-March-2023,2.78,2.81,2.65,2.78,1482,15,Omni Axs Software Ltd.
22-March-2023,2.79,2.79,2.61,2.78,836,15,Omni Axs Software Ltd.
21-March-2023,2.8,2.9,2.67,2.68,2953,30,Omni Axs Software Ltd.
20-March-2023,2.63,2.84,2.63,2.8,1792,29,Omni Axs Software Ltd.
17-March-2023,2.77,2.83,2.76,2.76,975,16,Omni Axs Software Ltd.
16-March-2023,2.99,2.99,2.71,2.9,11732,44,Omni Axs Software Ltd.
15-March-2023,2.8,2.85,2.65,2.85,10619,33,Omni Axs Software Ltd.
14-March-2023,2.98,2.98,2.72,2.73,10658,46,Omni Axs Software Ltd.
13-March-2023,3.0,3.0,2.81,2.85,2488,36,Omni Axs Software Ltd.
10-March-2023,2.9,3.03,2.9,2.9,1312,15,Omni Axs Software Ltd.
9-March-2023,2.92,3.1,2.86,2.9,5722,38,Omni Axs Software Ltd.
8-March-2023,2.98,2.99,2.85,2.98,4441,31,Omni Axs Software Ltd.
6-March-2023,2.9,2.95,2.85,2.86,6291,30,Omni Axs Software Ltd.
3-March-2023,2.95,3.06,2.86,3.0,1312,21,Omni Axs Software Ltd.
2-March-2023,2.85,2.95,2.85,2.95,5452,33,Omni Axs Software Ltd.
1-March-2023,2.96,2.96,2.82,2.82,5684,28,Omni Axs Software Ltd.
28-February-2023,3.09,3.09,2.94,2.96,597,17,Omni Axs Software Ltd.
27-February-2023,3.14,3.14,2.86,3.09,10400,52,Omni Axs Software Ltd.
24-February-2023,2.9,3.03,2.84,3.0,3654,27,Omni Axs Software Ltd.
23-February-2023,3.0,3.0,2.9,2.9,6231,23,Omni Axs Software Ltd.
22-February-2023,3.12,3.19,2.97,2.97,20000,38,Omni Axs Software Ltd.
21-February-2023,3.0,3.13,2.95,3.12,5412,19,Omni Axs Software Ltd.
20-February-2023,3.18,3.18,2.9,3.0,6698,49,Omni Axs Software Ltd.
17-February-2023,3.04,3.05,2.84,3.04,18272,45,Omni Axs Software Ltd.
16-February-2023,2.9,2.91,2.88,2.91,4353,23,Omni Axs Software Ltd.
15-February-2023,2.76,2.98,2.76,2.78,2631,22,Omni Axs Software Ltd.
14-February-2023,2.82,2.88,2.62,2.88,3518,28,Omni Axs Software Ltd.
13-February-2023,2.73,2.99,2.73,2.75,1664,22,Omni Axs Software Ltd.
10-February-2023,3.12,3.12,2.85,2.86,9464,30,Omni Axs Software Ltd.
9-February-2023,2.95,2.99,2.75,2.99,3544,34,Omni Axs Software Ltd.
8-February-2023,2.99,2.99,2.85,2.86,1860,31,Omni Axs Software Ltd.
7-February-2023,2.85,3.04,2.78,2.99,5098,41,Omni Axs Software Ltd.
6-February-2023,2.96,3.09,2.83,2.91,10201,38,Omni Axs Software Ltd.
3-February-2023,2.9,3.14,2.9,2.96,2723,22,Omni Axs Software Ltd.
2-February-2023,3.19,3.2,2.95,3.01,12917,43,Omni Axs Software Ltd.
1-February-2023,3.14,3.15,2.86,3.06,11580,55,Omni Axs Software Ltd.
31-January-2023,2.9,3.04,2.81,3.0,11962,31,Omni Axs Software Ltd.
30-January-2023,3.0,3.13,2.9,2.9,4359,51,Omni Axs Software Ltd.
27-January-2023,3.03,3.03,3.0,3.0,3642,28,Omni Axs Software Ltd.
25-January-2023,3.05,3.12,2.85,3.09,8409,41,Omni Axs Software Ltd.
24-January-2023,3.18,3.23,2.97,2.99,9162,59,Omni Axs Software Ltd.
23-January-2023,2.86,3.14,2.86,3.12,9102,39,Omni Axs Software Ltd.
20-January-2023,3.19,3.19,3.0,3.0,5238,40,Omni Axs Software Ltd.
19-January-2023,3.21,3.21,3.02,3.1,2315,36,Omni Axs Software Ltd.
18-January-2023,3.24,3.32,3.08,3.15,5783,43,Omni Axs Software Ltd.
17-January-2023,3.19,3.25,2.96,3.24,12746,50,Omni Axs Software Ltd.
16-January-2023,3.15,3.2,3.11,3.11,9208,36,Omni Axs Software Ltd.
13-January-2023,3.3,3.3,3.07,3.27,10496,32,Omni Axs Software Ltd.
12-January-2023,3.19,3.19,3.0,3.19,6612,34,Omni Axs Software Ltd.
11-January-2023,3.05,3.19,3.01,3.05,5789,29,Omni Axs Software Ltd.
10-January-2023,3.06,3.2,3.06,3.11,7655,40,Omni Axs Software Ltd.
9-January-2023,3.06,3.06,2.91,3.05,9718,47,Omni Axs Software Ltd.
6-January-2023,2.94,2.94,2.72,2.92,1108,14,Omni Axs Software Ltd.
5-January-2023,2.95,2.95,2.81,2.81,1635,16,Omni Axs Software Ltd.
4-January-2023,3.0,3.0,2.85,2.85,3036,17,Omni Axs Software Ltd.
3-January-2023,2.99,2.99,2.77,2.99,2599,16,Omni Axs Software Ltd.
2-January-2023,2.75,2.94,2.75,2.9,4583,15,Omni Axs Software Ltd.
30-December-2022,2.8,3.0,2.8,2.81,5973,20,Omni Axs Software Ltd.
29-December-2022,2.89,2.89,2.76,2.88,516,8,Omni Axs Software Ltd.
28-December-2022,2.91,2.91,2.78,2.89,5665,22,Omni Axs Software Ltd.
27-December-2022,3.05,3.05,2.78,2.78,1126,14,Omni Axs Software Ltd.
26-December-2022,2.95,2.95,2.7,2.92,11016,21,Omni Axs Software Ltd.
23-December-2022,2.85,2.85,2.84,2.84,1668,12,Omni Axs Software Ltd.
22-December-2022,2.96,2.96,2.85,2.96,773,9,Omni Axs Software Ltd.
21-December-2022,3.05,3.05,2.91,2.96,3605,12,Omni Axs Software Ltd.
20-December-2022,2.91,2.91,2.85,2.91,2162,11,Omni Axs Software Ltd.
19-December-2022,3.14,3.14,2.9,2.91,3859,19,Omni Axs Software Ltd.
16-December-2022,3.0,3.05,3.0,3.0,3885,14,Omni Axs Software Ltd.
15-December-2022,3.07,3.2,3.07,3.1,8202,17,Omni Axs Software Ltd.
14-December-2022,3.35,3.35,2.8,3.19,10774,31,Omni Axs Software Ltd.
13-December-2022,2.9,3.17,2.9,3.17,22130,30,Omni Axs Software Ltd.
12-December-2022,3.35,3.35,2.83,2.86,6021,21,Omni Axs Software Ltd.
9-December-2022,3.49,3.49,3.15,3.35,13431,27,Omni Axs Software Ltd.
8-December-2022,3.1,3.1,3.1,3.1,1648,12,Omni Axs Software Ltd.
7-December-2022,3.11,3.11,3.1,3.1,3574,12,Omni Axs Software Ltd.
6-December-2022,3.3,3.3,3.2,3.2,3722,18,Omni Axs Software Ltd.
5-December-2022,2.95,3.38,2.95,3.3,12316,34,Omni Axs Software Ltd.
2-December-2022,2.98,2.98,2.93,2.93,4694,26,Omni Axs Software Ltd.
1-December-2022,2.95,2.95,2.73,2.73,12215,33,Omni Axs Software Ltd.
30-November-2022,2.98,2.98,2.61,2.62,11761,24,Omni Axs Software Ltd.
29-November-2022,2.55,2.68,2.54,2.68,2911,12,Omni Axs Software Ltd.
28-November-2022,2.7,2.73,2.53,2.53,2700,15,Omni Axs Software Ltd.
25-November-2022,2.41,2.7,2.41,2.7,7530,19,Omni Axs Software Ltd.
24-November-2022,2.79,2.79,2.55,2.55,2446,21,Omni Axs Software Ltd.
23-November-2022,2.7,2.74,2.51,2.52,1626,11,Omni Axs Software Ltd.
22-November-2022,2.52,2.7,2.52,2.7,1933,15,Omni Axs Software Ltd.
21-November-2022,2.62,2.63,2.55,2.55,4580,21,Omni Axs Software Ltd.
18-November-2022,2.86,2.86,2.62,2.62,5256,19,Omni Axs Software Ltd.
17-November-2022,2.17,2.78,2.17,2.7,1218,18,Omni Axs Software Ltd.
16-November-2022,2.57,2.67,2.57,2.67,2344,14,Omni Axs Software Ltd.
15-November-2022,2.51,2.78,2.51,2.68,1440,16,Omni Axs Software Ltd.
14-November-2022,2.57,2.94,2.57,2.8,13395,28,Omni Axs Software Ltd.
11-November-2022,2.87,2.87,2.6,2.74,9341,33,Omni Axs Software Ltd.
10-November-2022,2.89,2.89,2.5,2.5,21709,27,Omni Axs Software Ltd.
9-November-2022,2.45,2.74,2.45,2.7,11964,29,Omni Axs Software Ltd.
7-November-2022,2.96,2.96,2.65,2.65,7911,25,Omni Axs Software Ltd.
4-November-2022,2.72,2.85,2.72,2.85,6602,9,Omni Axs Software Ltd.
3-November-2022,2.62,2.8,2.62,2.71,4062,11,Omni Axs Software Ltd.
2-November-2022,2.55,2.89,2.55,2.84,2211,14,Omni Axs Software Ltd.
1-November-2022,2.51,2.89,2.51,2.89,1558,15,Omni Axs Software Ltd.
31-October-2022,3.18,3.18,2.85,2.9,9614,21,Omni Axs Software Ltd.
28-October-2022,2.57,2.75,2.57,2.71,13530,29,Omni Axs Software Ltd.
27-October-2022,3.05,3.05,2.96,2.96,2462,13,Omni Axs Software Ltd.
25-October-2022,2.9,2.96,2.9,2.96,2023,6,Omni Axs Software Ltd.
21-October-2022,2.97,2.99,2.71,2.8,6384,13,Omni Axs Software Ltd.
20-October-2022,2.53,2.97,2.53,2.97,4270,13,Omni Axs Software Ltd.
19-October-2022,2.7,2.98,2.7,2.97,3247,14,Omni Axs Software Ltd.
18-October-2022,2.74,2.97,2.74,2.79,2593,20,Omni Axs Software Ltd.
17-October-2022,2.85,2.9,2.85,2.9,7659,21,Omni Axs Software Ltd.
14-October-2022,2.85,3.0,2.81,2.88,2674,18,Omni Axs Software Ltd.
13-October-2022,3.08,3.08,2.9,2.9,2663,9,Omni Axs Software Ltd.
12-October-2022,3.23,3.23,2.9,3.08,7676,31,Omni Axs Software Ltd.
11-October-2022,2.81,3.38,2.81,3.23,9348,16,Omni Axs Software Ltd.
10-October-2022,2.9,2.9,2.9,2.9,1840,13,Omni Axs Software Ltd.
7-October-2022,3.0,3.25,2.9,2.9,6561,30,Omni Axs Software Ltd.
6-October-2022,2.93,3.21,2.93,2.95,2384,19,Omni Axs Software Ltd.
4-October-2022,2.99,2.99,2.83,2.93,1000,14,Omni Axs Software Ltd.
3-October-2022,3.0,3.49,2.81,2.99,4048,26,Omni Axs Software Ltd.
30-September-2022,2.93,3.29,2.93,3.07,1854,21,Omni Axs Software Ltd.
29-September-2022,2.93,2.95,2.9,2.9,5344,16,Omni Axs Software Ltd.
28-September-2022,3.25,3.25,3.0,3.0,1188,11,Omni Axs Software Ltd.
27-September-2022,2.99,3.29,2.99,3.28,3613,8,Omni Axs Software Ltd.
26-September-2022,2.86,3.0,2.86,2.99,10773,18,Omni Axs Software Ltd.
23-September-2022,3.19,3.48,3.19,3.33,8320,25,Omni Axs Software Ltd.
22-September-2022,2.83,3.3,2.83,3.29,6009,23,Omni Axs Software Ltd.
21-September-2022,2.67,3.58,2.67,2.81,10660,32,Omni Axs Software Ltd.
20-September-2022,3.15,3.2,2.87,2.99,1884,21,Omni Axs Software Ltd.
19-September-2022,2.65,3.3,2.65,3.2,7415,17,Omni Axs Software Ltd.
16-September-2022,2.75,3.31,2.75,3.31,3218,10,Omni Axs Software Ltd.
15-September-2022,3.31,3.64,3.31,3.31,7524,19,Omni Axs Software Ltd.
14-September-2022,3.25,3.77,3.25,3.31,8561,21,Omni Axs Software Ltd.
13-September-2022,3.25,3.53,3.25,3.25,12162,23,Omni Axs Software Ltd.
12-September-2022,3.55,3.55,3.21,3.55,7502,21,Omni Axs Software Ltd.
9-September-2022,3.69,3.74,3.6,3.6,1761,21,Omni Axs Software Ltd.
8-September-2022,3.41,3.7,3.41,3.69,28532,39,Omni Axs Software Ltd.
7-September-2022,3.4,3.75,3.4,3.73,5505,39,Omni Axs Software Ltd.
6-September-2022,3.41,3.84,3.41,3.52,11204,28,Omni Axs Software Ltd.
5-September-2022,3.52,3.79,3.26,3.26,2188,25,Omni Axs Software Ltd.
2-September-2022,3.84,3.84,3.35,3.52,6653,27,Omni Axs Software Ltd.
1-September-2022,3.52,3.84,3.52,3.84,7655,24,Omni Axs Software Ltd.
30-August-2022,3.89,3.89,3.45,3.89,37833,61,Omni Axs Software Ltd.
29-August-2022,3.45,3.45,3.01,3.37,5974,28,Omni Axs Software Ltd.
26-August-2022,2.75,3.57,2.75,3.57,23026,31,Omni Axs Software Ltd.
25-August-2022,2.97,3.0,2.97,2.99,5801,20,Omni Axs Software Ltd.
24-August-2022,3.12,3.12,2.9,2.97,14876,33,Omni Axs Software Ltd.
23-August-2022,2.9,3.1,2.9,2.98,3777,21,Omni Axs Software Ltd.
22-August-2022,3.0,3.0,2.73,2.81,7574,23,Omni Axs Software Ltd.
19-August-2022,2.56,3.1,2.56,3.0,7173,31,Omni Axs Software Ltd.
18-August-2022,3.24,3.24,2.95,2.95,6288,24,Omni Axs Software Ltd.
17-August-2022,2.99,2.99,2.71,2.78,11317,40,Omni Axs Software Ltd.
16-August-2022,2.97,2.97,2.95,2.95,3697,25,Omni Axs Software Ltd.
12-August-2022,2.85,3.12,2.85,3.07,10809,28,Omni Axs Software Ltd.
11-August-2022,3.0,3.0,2.77,2.77,1927,16,Omni Axs Software Ltd.
10-August-2022,2.95,3.19,2.95,2.97,3762,18,Omni Axs Software Ltd.
8-August-2022,2.75,3.14,2.75,2.98,16091,27,Omni Axs Software Ltd.
5-August-2022,3.05,3.05,2.51,2.98,25314,39,Omni Axs Software Ltd.
4-August-2022,3.11,3.11,3.1,3.1,3366,20,Omni Axs Software Ltd.
3-August-2022,3.05,3.38,3.05,3.1,3532,11,Omni Axs Software Ltd.
2-August-2022,3.49,3.49,3.11,3.2,2503,14,Omni Axs Software Ltd.
1-August-2022,3.59,3.59,3.11,3.11,7634,23,Omni Axs Software Ltd.
29-July-2022,3.2,3.2,3.05,3.05,7225,16,Omni Axs Software Ltd.
28-July-2022,3.29,3.29,3.01,3.05,10206,29,Omni Axs Software Ltd.
27-July-2022,3.17,3.39,2.81,3.37,8032,26,Omni Axs Software Ltd.
26-July-2022,3.16,3.18,3.16,3.17,6194,19,Omni Axs Software Ltd.
25-July-2022,3.52,3.52,3.1,3.11,8402,25,Omni Axs Software Ltd.
22-July-2022,3.06,3.06,3.05,3.05,4943,22,Omni Axs Software Ltd.
21-July-2022,2.88,3.41,2.88,3.04,23331,39,Omni Axs Software Ltd.
20-July-2022,3.01,3.59,3.01,3.59,4552,17,Omni Axs Software Ltd.
19-July-2022,2.64,3.87,2.64,3.1,4675,17,Omni Axs Software Ltd.
18-July-2022,3.29,3.29,3.29,3.29,9886,13,Omni Axs Software Ltd.
15-July-2022,3.31,3.31,3.29,3.29,2185,12,Omni Axs Software Ltd.
14-July-2022,3.03,3.49,3.03,3.49,9811,27,Omni Axs Software Ltd.
13-July-2022,3.22,3.73,3.0,3.73,8070,24,Omni Axs Software Ltd.
12-July-2022,3.2,3.77,3.2,3.22,2889,23,Omni Axs Software Ltd.
11-July-2022,3.01,3.29,3.01,3.2,7658,24,Omni Axs Software Ltd.
8-July-2022,3.74,3.74,3.6,3.7,1444,13,Omni Axs Software Ltd.
7-July-2022,3.88,3.88,3.18,3.75,3014,16,Omni Axs Software Ltd.
6-July-2022,3.68,3.68,3.26,3.28,1541,15,Omni Axs Software Ltd.
5-July-2022,3.74,3.74,3.1,3.69,2682,20,Omni Axs Software Ltd.
4-July-2022,3.0,3.99,3.0,3.87,1940,24,Omni Axs Software Ltd.
1-July-2022,3.35,3.35,3.35,3.35,2044,11,Omni Axs Software Ltd.
30-June-2022,4.06,4.06,3.18,3.35,21007,43,Omni Axs Software Ltd.
29-June-2022,2.87,3.99,2.87,3.95,13342,37,Omni Axs Software Ltd.
28-June-2022,3.02,3.34,3.02,3.34,7655,23,Omni Axs Software Ltd.
27-June-2022,3.11,3.69,3.11,3.69,7371,30,Omni Axs Software Ltd.
24-June-2022,3.25,3.79,3.07,3.08,5292,22,Omni Axs Software Ltd.
23-June-2022,3.16,3.49,3.16,3.25,774,16,Omni Axs Software Ltd.
22-June-2022,3.9,3.9,3.49,3.49,2241,24,Omni Axs Software Ltd.
21-June-2022,3.0,3.39,3.0,3.38,15459,25,Omni Axs Software Ltd.
20-June-2022,3.01,3.49,2.86,2.86,5402,33,Omni Axs Software Ltd.
17-June-2022,3.27,3.49,2.81,3.49,2817,18,Omni Axs Software Ltd.
16-June-2022,4.0,4.0,3.27,3.27,16748,26,Omni Axs Software Ltd.
15-June-2022,2.61,3.77,2.61,3.7,32310,45,Omni Axs Software Ltd.
14-June-2022,4.05,4.05,3.15,3.17,7176,24,Omni Axs Software Ltd.
13-June-2022,3.18,3.39,2.75,3.39,18195,27,Omni Axs Software Ltd.
10-June-2022,3.06,3.24,3.05,3.19,3703,21,Omni Axs Software Ltd.
9-June-2022,3.02,3.19,3.02,3.05,785,14,Omni Axs Software Ltd.
8-June-2022,3.02,3.53,3.02,3.29,38712,38,Omni Axs Software Ltd.
7-June-2022,3.45,3.45,3.05,3.39,849,15,Omni Axs Software Ltd.
6-June-2022,2.96,3.49,2.96,3.45,6668,21,Omni Axs Software Ltd.
3-June-2022,3.68,3.68,3.22,3.28,5034,14,Omni Axs Software Ltd.
2-June-2022,3.6,3.6,3.12,3.41,5654,16,Omni Axs Software Ltd.
1-June-2022,3.24,3.56,3.21,3.44,5600,16,Omni Axs Software Ltd.
31-May-2022,3.15,3.6,3.15,3.24,6483,20,Omni Axs Software Ltd.
30-May-2022,3.45,3.45,3.12,3.39,8257,30,Omni Axs Software Ltd.
27-May-2022,3.68,3.68,3.16,3.46,827,10,Omni Axs Software Ltd.
26-May-2022,3.31,3.49,3.21,3.39,421,13,Omni Axs Software Ltd.
25-May-2022,3.24,3.79,3.24,3.56,8394,29,Omni Axs Software Ltd.
24-May-2022,3.12,3.59,3.12,3.59,3494,31,Omni Axs Software Ltd.
23-May-2022,3.44,3.77,3.1,3.39,6038,29,Omni Axs Software Ltd.
20-May-2022,3.42,3.75,3.42,3.44,5457,26,Omni Axs Software Ltd.
19-May-2022,3.88,3.88,3.53,3.79,1371,23,Omni Axs Software Ltd.
18-May-2022,3.53,3.94,3.53,3.88,8319,22,Omni Axs Software Ltd.
17-May-2022,3.54,3.89,3.46,3.89,8356,22,Omni Axs Software Ltd.
16-May-2022,3.58,3.58,3.37,3.54,2347,23,Omni Axs Software Ltd.
13-May-2022,3.76,3.76,3.69,3.69,1938,19,Omni Axs Software Ltd.
12-May-2022,3.42,3.52,3.42,3.42,14250,43,Omni Axs Software Ltd.
11-May-2022,3.76,4.14,3.76,3.8,10768,23,Omni Axs Software Ltd.
10-May-2022,3.62,4.17,3.62,4.17,5898,19,Omni Axs Software Ltd.
9-May-2022,3.3,4.01,3.3,3.96,12216,49,Omni Axs Software Ltd.
6-May-2022,3.3,3.65,3.3,3.65,4331,27,Omni Axs Software Ltd.
5-May-2022,3.71,3.71,3.65,3.65,10935,32,Omni Axs Software Ltd.
4-May-2022,3.79,3.79,3.43,3.71,8920,37,Omni Axs Software Ltd.
2-May-2022,3.79,3.79,3.77,3.79,3919,33,Omni Axs Software Ltd.
29-April-2022,3.9,3.91,3.9,3.9,6022,27,Omni Axs Software Ltd.
28-April-2022,3.99,3.99,3.73,3.9,12826,35,Omni Axs Software Ltd.
27-April-2022,3.93,3.93,3.61,3.73,7810,32,Omni Axs Software Ltd.
26-April-2022,4.1,4.18,3.7,3.93,8016,31,Omni Axs Software Ltd.
25-April-2022,3.91,4.1,3.91,4.1,1945,16,Omni Axs Software Ltd.
22-April-2022,4.24,4.4,4.24,4.24,5471,30,Omni Axs Software Ltd.
21-April-2022,4.88,4.88,4.05,4.4,15270,32,Omni Axs Software Ltd.
20-April-2022,4.41,4.47,4.11,4.45,4138,17,Omni Axs Software Ltd.
19-April-2022,4.36,4.51,4.36,4.41,4538,32,Omni Axs Software Ltd.
18-April-2022,5.14,5.14,4.23,4.74,13756,49,Omni Axs Software Ltd.
13-April-2022,4.32,5.13,4.32,4.68,11169,34,Omni Axs Software Ltd.
12-April-2022,4.67,4.67,4.67,4.67,4530,31,Omni Axs Software Ltd.
11-April-2022,4.5,5.4,4.5,4.67,16124,46,Omni Axs Software Ltd.
8-April-2022,4.98,4.99,4.77,4.99,32593,116,Omni Axs Software Ltd.
7-April-2022,4.05,4.54,4.05,4.54,27105,76,Omni Axs Software Ltd.
6-April-2022,4.44,4.44,4.02,4.13,37974,157,Omni Axs Software Ltd.
5-April-2022,4.55,4.55,4.13,4.23,28399,130,Omni Axs Software Ltd.
4-April-2022,4.2,4.41,4.2,4.34,19043,88,Omni Axs Software Ltd.
1-April-2022,4.23,4.23,3.85,4.2,13185,73,Omni Axs Software Ltd.
31-March-2022,4.4,4.4,4.0,4.03,16382,88,Omni Axs Software Ltd.
30-March-2022,4.2,4.59,4.2,4.21,11575,107,Omni Axs Software Ltd.
29-March-2022,4.65,4.88,4.42,4.42,25509,112,Omni Axs Software Ltd.
28-March-2022,4.89,5.12,4.65,4.65,11857,100,Omni Axs Software Ltd.
25-March-2022,5.25,5.3,4.86,4.89,13903,80,Omni Axs Software Ltd.
24-March-2022,5.4,5.41,4.91,5.11,23319,113,Omni Axs Software Ltd.
23-March-2022,5.16,5.16,4.68,5.16,25871,93,Omni Axs Software Ltd.
22-March-2022,5.14,5.38,4.89,4.92,20791,150,Omni Axs Software Ltd.
21-March-2022,5.6,5.68,5.14,5.14,26297,153,Omni Axs Software Ltd.
17-March-2022,4.92,5.42,4.92,5.41,47952,159,Omni Axs Software Ltd.
16-March-2022,5.67,5.71,5.17,5.17,45066,125,Omni Axs Software Ltd.
15-March-2022,5.71,5.71,5.17,5.44,59516,258,Omni Axs Software Ltd.
14-March-2022,5.44,5.44,5.3,5.44,25028,79,Omni Axs Software Ltd.
11-March-2022,5.19,5.19,5.04,5.19,42738,176,Omni Axs Software Ltd.
10-March-2022,4.95,4.95,4.85,4.95,456964,107,Omni Axs Software Ltd.
9-March-2022,4.6,4.72,4.6,4.72,8202,38,Omni Axs Software Ltd.
8-March-2022,4.5,4.5,4.5,4.5,13358,50,Omni Axs Software Ltd.
7-March-2022,4.29,4.29,3.89,4.29,18061,114,Omni Axs Software Ltd.
4-March-2022,4.0,4.09,3.8,4.09,13859,75,Omni Axs Software Ltd.
3-March-2022,3.9,3.95,3.6,3.9,51266,180,Omni Axs Software Ltd.
2-March-2022,3.7,4.08,3.7,3.77,38010,157,Omni Axs Software Ltd.
28-February-2022,3.89,3.89,3.89,3.89,13410,73,Omni Axs Software Ltd.
25-February-2022,4.09,4.09,4.09,4.09,18811,94,Omni Axs Software Ltd.
24-February-2022,4.52,4.74,4.3,4.3,10825,84,Omni Axs Software Ltd.
23-February-2022,4.7,4.7,4.52,4.52,19343,109,Omni Axs Software Ltd.
22-February-2022,4.7,5.0,4.7,4.75,25150,106,Omni Axs Software Ltd.
21-February-2022,5.46,5.46,4.94,4.94,18922,112,Omni Axs Software Ltd.
18-February-2022,5.47,5.55,5.2,5.2,21164,105,Omni Axs Software Ltd.
17-February-2022,5.47,5.47,5.47,5.47,14501,77,Omni Axs Software Ltd.
16-February-2022,6.0,6.22,5.66,5.75,31211,160,Omni Axs Software Ltd.
15-February-2022,5.7,5.98,5.42,5.95,44204,193,Omni Axs Software Ltd.
14-February-2022,5.9,5.9,5.7,5.7,22901,110,Omni Axs Software Ltd.
11-February-2022,5.44,6.0,5.44,6.0,67548,279,Omni Axs Software Ltd.
10-February-2022,5.72,5.72,5.72,5.72,7803,63,Omni Axs Software Ltd.
9-February-2022,6.02,6.2,6.02,6.02,23346,129,Omni Axs Software Ltd.
8-February-2022,6.99,6.99,6.33,6.33,35325,169,Omni Axs Software Ltd.
7-February-2022,6.66,6.66,6.66,6.66,20248,124,Omni Axs Software Ltd.
4-February-2022,6.35,6.35,6.33,6.35,42022,128,Omni Axs Software Ltd.
3-February-2022,5.5,6.05,5.49,6.05,133990,463,Omni Axs Software Ltd.
2-February-2022,5.77,5.77,5.77,5.77,27434,133,Omni Axs Software Ltd.
1-February-2022,6.07,6.07,6.07,6.07,10764,99,Omni Axs Software Ltd.
31-January-2022,6.38,6.38,6.38,6.38,17977,90,Omni Axs Software Ltd.
28-January-2022,6.71,6.71,6.71,6.71,12547,111,Omni Axs Software Ltd.
27-January-2022,7.06,7.06,7.06,7.06,9262,73,Omni Axs Software Ltd.
25-January-2022,7.43,7.43,7.43,7.43,15806,83,Omni Axs Software Ltd.
24-January-2022,7.82,7.82,7.82,7.82,4060,80,Omni Axs Software Ltd.
21-January-2022,8.23,8.23,8.23,8.23,11825,114,Omni Axs Software Ltd.
20-January-2022,8.66,8.66,8.66,8.66,17726,131,Omni Axs Software Ltd.
19-January-2022,10.05,10.05,9.11,9.11,95529,395,Omni Axs Software Ltd.
18-January-2022,9.58,9.58,9.58,9.58,150425,210,Omni Axs Software Ltd.
17-January-2022,9.13,9.13,9.13,9.13,37677,93,Omni Axs Software Ltd.
14-January-2022,8.7,8.7,8.5,8.7,89810,231,Omni Axs Software Ltd.
13-January-2022,8.29,8.29,7.51,8.29,293131,1068,Omni Axs Software Ltd.
12-January-2022,7.9,7.9,7.89,7.9,167171,445,Omni Axs Software Ltd.
11-January-2022,7.53,7.53,7.53,7.53,19101,27,Omni Axs Software Ltd.
10-January-2022,7.18,7.18,7.18,7.18,19599,42,Omni Axs Software Ltd.
7-January-2022,6.84,6.84,6.84,6.84,20737,30,Omni Axs Software Ltd.
6-January-2022,6.52,6.52,6.52,6.52,19274,74,Omni Axs Software Ltd.
5-January-2022,6.21,6.21,6.21,6.21,99598,249,Omni Axs Software Ltd.
4-January-2022,5.92,5.92,5.92,5.92,46416,133,Omni Axs Software Ltd.
3-January-2022,5.64,5.64,5.64,5.64,32781,113,Omni Axs Software Ltd.
31-December-2021,5.38,5.38,5.38,5.38,16456,63,Omni Axs Software Ltd.
30-December-2021,5.13,5.13,5.13,5.13,54055,149,Omni Axs Software Ltd.
29-December-2021,4.89,4.89,4.66,4.89,35491,125,Omni Axs Software Ltd.
28-December-2021,4.66,4.66,4.66,4.66,7030,28,Omni Axs Software Ltd.
27-December-2021,4.44,4.44,4.44,4.44,21808,73,Omni Axs Software Ltd.
24-December-2021,4.23,4.23,4.23,4.23,18126,64,Omni Axs Software Ltd.
23-December-2021,4.03,4.03,4.03,4.03,35557,83,Omni Axs Software Ltd.
22-December-2021,3.84,3.84,3.84,3.84,8111,18,Omni Axs Software Ltd.
21-December-2021,3.66,3.66,3.66,3.66,22202,53,Omni Axs Software Ltd.
20-December-2021,3.49,3.49,3.33,3.49,37733,134,Omni Axs Software Ltd.
17-December-2021,3.33,3.33,3.18,3.33,66439,214,Omni Axs Software Ltd.
16-December-2021,3.18,3.18,3.18,3.18,21454,53,Omni Axs Software Ltd.
15-December-2021,3.03,3.03,3.03,3.03,12692,40,Omni Axs Software Ltd.
14-December-2021,2.89,2.89,2.89,2.89,29926,83,Omni Axs Software Ltd.
13-December-2021,2.76,2.76,2.76,2.76,29572,38,Omni Axs Software Ltd.
10-December-2021,2.63,2.63,2.63,2.63,11517,38,Omni Axs Software Ltd.
9-December-2021,2.5,2.51,2.5,2.51,27712,82,Omni Axs Software Ltd.
8-December-2021,2.19,2.31,1.92,2.29,202840,302,Omni Axs Software Ltd.
7-December-2021,2.0,2.15,1.82,2.1,124944,348,Omni Axs Software Ltd.
6-December-2021,1.95,1.96,1.78,1.96,57316,183,Omni Axs Software Ltd.
3-December-2021,1.9,1.92,1.76,1.87,85163,264,Omni Axs Software Ltd.
2-December-2021,1.87,1.9,1.74,1.83,52131,178,Omni Axs Software Ltd.
1-December-2021,2.0,2.0,1.82,1.82,195495,183,Omni Axs Software Ltd.
30-November-2021,2.01,2.01,1.88,1.91,98751,193,Omni Axs Software Ltd.
29-November-2021,2.05,2.08,1.9,1.97,137600,199,Omni Axs Software Ltd.
26-November-2021,2.13,2.13,1.94,2.0,65701,201,Omni Axs Software Ltd.
25-November-2021,2.15,2.15,1.95,2.04,131451,240,Omni Axs Software Ltd.
24-November-2021,2.1,2.22,2.02,2.05,191681,259,Omni Axs Software Ltd.
23-November-2021,2.1,2.15,1.95,2.12,119325,163,Omni Axs Software Ltd.
22-November-2021,2.0,2.05,1.9,2.05,40730,153,Omni Axs Software Ltd.
18-November-2021,1.96,1.96,1.8,1.96,49518,157,Omni Axs Software Ltd.
17-November-2021,1.72,1.89,1.71,1.87,48043,135,Omni Axs Software Ltd.
16-November-2021,1.78,1.9,1.72,1.8,55329,106,Omni Axs Software Ltd.
15-November-2021,1.95,1.98,1.8,1.81,87331,131,Omni Axs Software Ltd.
12-November-2021,1.87,1.95,1.77,1.89,32234,129,Omni Axs Software Ltd.
11-November-2021,2.0,2.04,1.86,1.86,64968,106,Omni Axs Software Ltd.
10-November-2021,1.95,1.98,1.95,1.95,1685,23,Omni Axs Software Ltd.
9-November-2021,1.89,1.89,1.89,1.89,5754,36,Omni Axs Software Ltd.
8-November-2021,1.85,1.85,1.72,1.8,8588,73,Omni Axs Software Ltd.
4-November-2021,1.8,1.8,1.8,1.8,2736,6,Omni Axs Software Ltd.
3-November-2021,1.89,1.89,1.73,1.75,15044,70,Omni Axs Software Ltd.
2-November-2021,1.8,1.88,1.71,1.82,5201,38,Omni Axs Software Ltd.
1-November-2021,1.85,1.87,1.71,1.8,24136,65,Omni Axs Software Ltd.
29-October-2021,1.95,1.95,1.79,1.79,19046,53,Omni Axs Software Ltd.
28-October-2021,2.0,2.0,1.86,1.88,9099,73,Omni Axs Software Ltd.
27-October-2021,1.92,1.95,1.78,1.95,16855,40,Omni Axs Software Ltd.
26-October-2021,1.85,1.92,1.75,1.87,11958,71,Omni Axs Software Ltd.
25-October-2021,1.9,1.98,1.81,1.83,13751,75,Omni Axs Software Ltd.
22-October-2021,1.96,1.96,1.84,1.9,37888,50,Omni Axs Software Ltd.
21-October-2021,1.96,1.96,1.79,1.93,18626,55,Omni Axs Software Ltd.
20-October-2021,1.94,1.94,1.79,1.87,11729,57,Omni Axs Software Ltd.
19-October-2021,1.92,1.92,1.75,1.87,17074,114,Omni Axs Software Ltd.
18-October-2021,1.95,1.98,1.8,1.84,27913,77,Omni Axs Software Ltd.
14-October-2021,1.98,1.98,1.82,1.89,12322,61,Omni Axs Software Ltd.
13-October-2021,2.0,2.04,1.86,1.91,53526,104,Omni Axs Software Ltd.
12-October-2021,1.95,1.95,1.8,1.95,30027,70,Omni Axs Software Ltd.
11-October-2021,1.9,1.9,1.89,1.89,3119,22,Omni Axs Software Ltd.
8-October-2021,1.85,1.85,1.85,1.85,27,5,Omni Axs Software Ltd.
7-October-2021,1.95,1.95,1.77,1.77,35391,50,Omni Axs Software Ltd.
6-October-2021,2.04,2.04,1.86,1.86,19688,71,Omni Axs Software Ltd.
5-October-2021,1.86,1.95,1.85,1.95,3100,18,Omni Axs Software Ltd.
4-October-2021,1.85,1.89,1.85,1.86,537,7,Omni Axs Software Ltd.
1-October-2021,1.9,1.95,1.77,1.8,62038,62,Omni Axs Software Ltd.
30-September-2021,1.95,1.95,1.86,1.86,4826,33,Omni Axs Software Ltd.
29-September-2021,2.05,2.06,1.95,1.95,3396,31,Omni Axs Software Ltd.
28-September-2021,2.1,2.1,2.0,2.01,1083,9,Omni Axs Software Ltd.
27-September-2021,2.25,2.25,2.09,2.1,5721,31,Omni Axs Software Ltd.
24-September-2021,2.15,2.19,2.09,2.19,5805,34,Omni Axs Software Ltd.
23-September-2021,2.19,2.29,2.09,2.09,9625,30,Omni Axs Software Ltd.
22-September-2021,2.26,2.26,2.19,2.19,13094,36,Omni Axs Software Ltd.
21-September-2021,2.42,2.42,2.26,2.3,1912,16,Omni Axs Software Ltd.
20-September-2021,2.55,2.61,2.37,2.37,7508,42,Omni Axs Software Ltd.
17-September-2021,2.41,2.53,2.41,2.49,1381,11,Omni Axs Software Ltd.
16-September-2021,2.3,2.41,2.2,2.41,13789,29,Omni Axs Software Ltd.
15-September-2021,2.16,2.3,2.15,2.3,7685,14,Omni Axs Software Ltd.
14-September-2021,2.3,2.36,2.2,2.2,1995,14,Omni Axs Software Ltd.
13-September-2021,2.2,2.25,2.05,2.25,2863,38,Omni Axs Software Ltd.
9-September-2021,2.05,2.15,1.95,2.15,4932,32,Omni Axs Software Ltd.
8-September-2021,2.1,2.1,2.0,2.05,1305,16,Omni Axs Software Ltd.
7-September-2021,2.25,2.25,2.05,2.05,6093,35,Omni Axs Software Ltd.
6-September-2021,2.15,2.16,2.15,2.15,1599,25,Omni Axs Software Ltd.
3-September-2021,2.15,2.19,1.99,2.09,1982,28,Omni Axs Software Ltd.
2-September-2021,2.25,2.25,2.09,2.09,3056,37,Omni Axs Software Ltd.
1-September-2021,2.2,2.2,2.2,2.2,2621,20,Omni Axs Software Ltd.
31-August-2021,2.1,2.12,1.92,2.12,11671,51,Omni Axs Software Ltd.
30-August-2021,1.97,2.02,1.97,2.02,2189,12,Omni Axs Software Ltd.
27-August-2021,1.93,1.93,1.75,1.93,12159,28,Omni Axs Software Ltd.
26-August-2021,1.9,1.9,1.84,1.84,1426,20,Omni Axs Software Ltd.
25-August-2021,1.93,1.93,1.93,1.93,1896,21,Omni Axs Software Ltd.
24-August-2021,2.1,2.1,2.03,2.03,581,6,Omni Axs Software Ltd.
23-August-2021,2.13,2.2,2.13,2.13,5517,27,Omni Axs Software Ltd.
20-August-2021,2.24,2.24,2.24,2.24,128,5,Omni Axs Software Ltd.
18-August-2021,2.35,2.35,2.35,2.35,449,16,Omni Axs Software Ltd.
17-August-2021,2.55,2.55,2.47,2.47,1272,12,Omni Axs Software Ltd.
16-August-2021,2.59,2.59,2.59,2.59,524,15,Omni Axs Software Ltd.
13-August-2021,2.72,2.72,2.72,2.72,2893,24,Omni Axs Software Ltd.
12-August-2021,2.86,2.86,2.86,2.86,8536,21,Omni Axs Software Ltd.
11-August-2021,3.01,3.01,3.01,3.01,1823,13,Omni Axs Software Ltd.
10-August-2021,3.16,3.16,3.16,3.16,3685,27,Omni Axs Software Ltd.
9-August-2021,3.32,3.32,3.32,3.32,550,15,Omni Axs Software Ltd.
6-August-2021,3.49,3.49,3.49,3.49,1421,21,Omni Axs Software Ltd.
5-August-2021,3.67,3.67,3.67,3.67,13721,42,Omni Axs Software Ltd.
4-August-2021,4.26,4.26,3.86,3.86,26021,135,Omni Axs Software Ltd.
3-August-2021,4.06,4.06,3.87,4.06,15426,67,Omni Axs Software Ltd.
2-August-2021,3.87,3.87,3.87,3.87,4576,16,Omni Axs Software Ltd.
30-July-2021,3.68,3.69,3.68,3.69,6958,28,Omni Axs Software Ltd.
29-July-2021,3.52,3.52,3.52,3.52,16900,63,Omni Axs Software Ltd.
28-July-2021,3.36,3.36,3.3,3.36,15031,83,Omni Axs Software Ltd.
27-July-2021,3.18,3.2,3.18,3.2,3440,37,Omni Axs Software Ltd.
26-July-2021,3.05,3.05,2.8,3.05,16057,84,Omni Axs Software Ltd.
23-July-2021,2.91,2.91,2.91,2.91,5733,17,Omni Axs Software Ltd.
22-July-2021,2.7,2.78,2.7,2.78,2349,22,Omni Axs Software Ltd.
20-July-2021,2.65,2.66,2.65,2.65,8049,35,Omni Axs Software Ltd.
19-July-2021,2.54,2.54,2.3,2.54,19515,78,Omni Axs Software Ltd.
16-July-2021,2.42,2.42,2.42,2.42,4996,24,Omni Axs Software Ltd.
15-July-2021,2.31,2.31,2.25,2.31,21697,57,Omni Axs Software Ltd.
14-July-2021,2.2,2.33,2.11,2.2,8223,37,Omni Axs Software Ltd.
13-July-2021,2.24,2.24,2.22,2.22,4611,26,Omni Axs Software Ltd.
12-July-2021,2.25,2.25,2.05,2.24,7063,60,Omni Axs Software Ltd.
9-July-2021,2.11,2.15,2.11,2.15,3973,12,Omni Axs Software Ltd.
8-July-2021,2.01,2.11,2.01,2.11,2677,19,Omni Axs Software Ltd.
7-July-2021,2.01,2.11,2.01,2.01,1780,7,Omni Axs Software Ltd.
6-July-2021,2.21,2.21,2.01,2.01,5406,27,Omni Axs Software Ltd.
5-July-2021,2.11,2.21,2.11,2.11,5635,28,Omni Axs Software Ltd.
2-July-2021,2.11,2.11,2.11,2.11,2301,5,Omni Axs Software Ltd.
1-July-2021,1.93,2.01,1.93,2.01,5702,15,Omni Axs Software Ltd.
30-June-2021,1.92,1.92,1.83,1.92,3888,22,Omni Axs Software Ltd.
29-June-2021,1.92,1.92,1.92,1.92,103,3,Omni Axs Software Ltd.
28-June-2021,1.72,1.9,1.72,1.9,3594,19,Omni Axs Software Ltd.
25-June-2021,1.65,1.81,1.65,1.81,4811,13,Omni Axs Software Ltd.
24-June-2021,1.73,1.73,1.73,1.73,301,3,Omni Axs Software Ltd.
23-June-2021,1.58,1.65,1.58,1.65,44425,4,Omni Axs Software Ltd.
22-June-2021,1.52,1.58,1.52,1.58,4655,8,Omni Axs Software Ltd.
21-June-2021,1.51,1.51,1.51,1.51,17317,34,Omni Axs Software Ltd.
18-June-2021,1.44,1.44,1.44,1.44,1,1,Omni Axs Software Ltd.
17-June-2021,1.32,1.38,1.32,1.38,3136,6,Omni Axs Software Ltd.
16-June-2021,1.32,1.32,1.32,1.32,2501,4,Omni Axs Software Ltd.
15-June-2021,1.26,1.26,1.26,1.26,6,1,Omni Axs Software Ltd.
14-June-2021,1.26,1.26,1.26,1.26,802,4,Omni Axs Software Ltd.
11-June-2021,1.2,1.2,1.2,1.2,1225,7,Omni Axs Software Ltd.
10-June-2021,1.19,1.19,1.19,1.19,3920,17,Omni Axs Software Ltd.
9-June-2021,1.1,1.14,1.1,1.14,2424,6,Omni Axs Software Ltd.
8-June-2021,1.09,1.09,1.09,1.09,2542,11,Omni Axs Software Ltd.
7-June-2021,1.09,1.09,1.09,1.09,2488,13,Omni Axs Software Ltd.
4-June-2021,1.09,1.14,1.09,1.09,3880,15,Omni Axs Software Ltd.
3-June-2021,1.14,1.14,1.14,1.14,3487,13,Omni Axs Software Ltd.
2-June-2021,1.19,1.19,1.14,1.14,6590,11,Omni Axs Software Ltd.
1-June-2021,1.14,1.14,1.09,1.14,2976,17,Omni Axs Software Ltd.
31-May-2021,1.14,1.14,1.14,1.14,1984,13,Omni Axs Software Ltd.
28-May-2021,1.25,1.25,1.19,1.19,2331,11,Omni Axs Software Ltd.
27-May-2021,1.25,1.25,1.25,1.25,1723,16,Omni Axs Software Ltd.
26-May-2021,1.37,1.37,1.31,1.31,12240,6,Omni Axs Software Ltd.
25-May-2021,1.44,1.44,1.37,1.37,910,8,Omni Axs Software Ltd.
24-May-2021,1.44,1.44,1.44,1.44,522,7,Omni Axs Software Ltd.
21-May-2021,1.51,1.51,1.5,1.51,1137,4,Omni Axs Software Ltd.
20-May-2021,1.52,1.52,1.52,1.52,100,1,Omni Axs Software Ltd.
19-May-2021,1.52,1.52,1.52,1.52,20,1,Omni Axs Software Ltd.
18-May-2021,1.45,1.52,1.45,1.52,103,2,Omni Axs Software Ltd.
17-May-2021,1.52,1.52,1.52,1.52,100,1,Omni Axs Software Ltd.
12-May-2021,1.47,1.54,1.47,1.54,50,3,Omni Axs Software Ltd.
11-May-2021,1.54,1.54,1.54,1.54,391,8,Omni Axs Software Ltd.
7-May-2021,1.55,1.55,1.54,1.54,2221,7,Omni Axs Software Ltd.
6-May-2021,1.54,1.54,1.48,1.48,455,3,Omni Axs Software Ltd.
5-May-2021,1.55,1.55,1.54,1.55,111,4,Omni Axs Software Ltd.
4-May-2021,1.6,1.6,1.54,1.54,696,6,Omni Axs Software Ltd.
3-May-2021,1.62,1.62,1.62,1.62,250,2,Omni Axs Software Ltd.
29-April-2021,1.7,1.7,1.55,1.55,53,2,Omni Axs Software Ltd.
28-April-2021,1.7,1.7,1.63,1.63,150,2,Omni Axs Software Ltd.
27-April-2021,1.71,1.71,1.63,1.63,180,2,Omni Axs Software Ltd.
26-April-2021,1.71,1.71,1.71,1.71,50,1,Omni Axs Software Ltd.
20-April-2021,1.71,1.71,1.71,1.71,70,3,Omni Axs Software Ltd.
19-April-2021,1.63,1.63,1.63,1.63,13,2,Omni Axs Software Ltd.
16-April-2021,1.71,1.71,1.63,1.63,74,3,Omni Axs Software Ltd.
15-April-2021,1.71,1.71,1.71,1.71,31,2,Omni Axs Software Ltd.
13-April-2021,1.71,1.71,1.71,1.71,1,1,Omni Axs Software Ltd.
12-April-2021,1.71,1.71,1.7,1.7,800,3,Omni Axs Software Ltd.
6-April-2021,1.71,1.71,1.71,1.71,3,2,Omni Axs Software Ltd.
5-April-2021,1.71,1.71,1.68,1.68,106,2,Omni Axs Software Ltd.
31-March-2021,1.71,1.71,1.71,1.71,50,1,Omni Axs Software Ltd.
22-March-2021,1.71,1.71,1.71,1.71,20,1,Omni Axs Software Ltd.
19-March-2021,1.71,1.71,1.71,1.71,10,1,Omni Axs Software Ltd.
18-March-2021,1.71,1.71,1.71,1.71,8,2,Omni Axs Software Ltd.
16-March-2021,1.71,1.71,1.71,1.71,5,1,Omni Axs Software Ltd.
15-March-2021,1.71,1.71,1.71,1.71,1,1,Omni Axs Software Ltd.
12-March-2021,1.71,1.71,1.71,1.71,16,3,Omni Axs Software Ltd.
10-March-2021,1.8,1.8,1.71,1.71,39215,3,Omni Axs Software Ltd.
8-March-2021,1.8,1.8,1.8,1.8,9,1,Omni Axs Software Ltd.
4-March-2021,1.8,1.8,1.8,1.8,101,3,Omni Axs Software Ltd.
2-March-2021,1.8,1.8,1.8,1.8,3,1,Omni Axs Software Ltd.
1-March-2021,1.83,1.83,1.83,1.83,866,5,Omni Axs Software Ltd.
26-February-2021,1.85,1.85,1.85,1.85,316,3,Omni Axs Software Ltd.
24-February-2021,1.85,1.85,1.85,1.85,352029,7,Omni Axs Software Ltd.
23-February-2021,1.8,1.8,1.8,1.8,20,1,Omni Axs Software Ltd.
22-February-2021,1.8,1.8,1.8,1.8,1,1,Omni Axs Software Ltd.
19-February-2021,1.86,1.86,1.86,1.86,71,2,Omni Axs Software Ltd.
18-February-2021,1.86,1.86,1.86,1.86,1,1,Omni Axs Software Ltd.
16-February-2021,1.86,1.86,1.86,1.86,50,1,Omni Axs Software Ltd.
12-February-2021,1.95,1.95,1.95,1.95,50,1,Omni Axs Software Ltd.
11-February-2021,1.95,1.95,1.95,1.95,1,1,Omni Axs Software Ltd.
28-January-2021,1.95,1.95,1.95,1.95,2,1,Omni Axs Software Ltd.
22-January-2021,1.95,1.95,1.95,1.95,181,2,Omni Axs Software Ltd.
20-January-2021,1.95,1.95,1.95,1.95,20,2,Omni Axs Software Ltd.
18-January-2021,1.95,1.95,1.95,1.95,205,3,Omni Axs Software Ltd.
15-January-2021,1.95,1.95,1.95,1.95,100,3,Omni Axs Software Ltd.
14-January-2021,1.95,1.95,1.95,1.95,11,1,Omni Axs Software Ltd.
13-January-2021,1.95,1.95,1.95,1.95,200,2,Omni Axs Software Ltd.
8-January-2021,2.05,2.05,2.05,2.05,670,5,Omni Axs Software Ltd.
6-January-2021,2.05,2.05,2.05,2.05,350,3,Omni Axs Software Ltd.
5-January-2021,2.05,2.05,2.05,2.05,50,1,Omni Axs Software Ltd.
30-December-2020,2.05,2.05,2.05,2.05,250,1,Omni Axs Software Ltd.
28-December-2020,2.19,2.19,2.15,2.15,132,5,Omni Axs Software Ltd.
23-December-2020,2.19,2.19,2.19,2.19,5,1,Omni Axs Software Ltd.
18-December-2020,2.4,2.4,2.19,2.19,4350,4,Omni Axs Software Ltd.
17-December-2020,2.3,2.3,2.3,2.3,2764,2,Omni Axs Software Ltd.
10-December-2020,2.42,2.42,2.42,2.42,500,1,Omni Axs Software Ltd.
9-December-2020,2.55,2.55,2.54,2.54,525,3,Omni Axs Software Ltd.
7-December-2020,2.43,2.43,2.43,2.43,5,1,Omni Axs Software Ltd.
3-December-2020,2.43,2.43,2.43,2.43,10,1,Omni Axs Software Ltd.
27-November-2020,2.55,2.55,2.55,2.55,41,1,Omni Axs Software Ltd.
4-November-2020,2.55,2.55,2.55,2.55,50,1,Omni Axs Software Ltd.
30-October-2020,2.5,2.5,2.5,2.5,50,1,Omni Axs Software Ltd.
27-October-2020,2.4,2.4,2.4,2.4,1969,3,Omni Axs Software Ltd.
26-October-2020,2.5,2.5,2.5,2.5,500,1,Omni Axs Software Ltd.
22-October-2020,2.5,2.5,2.5,2.5,4,1,Omni Axs Software Ltd.
21-October-2020,2.46,2.46,2.46,2.46,109,2,Omni Axs Software Ltd.
20-October-2020,2.59,2.59,2.58,2.58,605,4,Omni Axs Software Ltd.
19-October-2020,2.49,2.49,2.49,2.49,672,7,Omni Axs Software Ltd.
16-October-2020,2.39,2.39,2.39,2.39,70,2,Omni Axs Software Ltd.
15-October-2020,2.4,2.4,2.39,2.39,54,3,Omni Axs Software Ltd.
14-October-2020,2.31,2.31,2.3,2.3,100,2,Omni Axs Software Ltd.
13-October-2020,2.2,2.2,2.2,2.2,55,2,Omni Axs Software Ltd.
9-October-2020,2.2,2.2,2.1,2.1,61,3,Omni Axs Software Ltd.
8-October-2020,2.1,2.12,2.1,2.12,102,3,Omni Axs Software Ltd.
7-October-2020,2.03,2.03,2.03,2.03,50,1,Omni Axs Software Ltd.
6-October-2020,1.92,1.94,1.92,1.94,240,4,Omni Axs Software Ltd.
30-September-2020,1.85,1.85,1.85,1.85,20,2,Omni Axs Software Ltd.
28-September-2020,1.82,1.82,1.8,1.8,59,3,Omni Axs Software Ltd.
24-September-2020,1.74,1.74,1.74,1.74,100,1,Omni Axs Software Ltd.
22-September-2020,1.68,1.68,1.68,1.68,51,2,Omni Axs Software Ltd.
17-September-2020,1.53,1.6,1.53,1.6,214,2,Omni Axs Software Ltd.
4-September-2020,1.53,1.53,1.53,1.53,1,1,Omni Axs Software Ltd.
26-August-2020,1.61,1.61,1.61,1.61,15,3,Omni Axs Software Ltd.
25-August-2020,1.69,1.69,1.69,1.69,10,1,Omni Axs Software Ltd.
24-August-2020,1.7,1.7,1.7,1.7,5,1,Omni Axs Software Ltd.
21-August-2020,1.77,1.77,1.77,1.77,1,1,Omni Axs Software Ltd.
7-August-2020,1.75,1.75,1.75,1.75,200,2,Omni Axs Software Ltd.
4-August-2020,1.75,1.75,1.75,1.75,51,1,Omni Axs Software Ltd.
30-July-2020,1.69,1.69,1.69,1.69,50,1,Omni Axs Software Ltd.
29-July-2020,1.62,1.62,1.62,1.62,1,1,Omni Axs Software Ltd.
17-July-2020,1.7,1.7,1.7,1.7,5,1,Omni Axs Software Ltd.
13-July-2020,1.7,1.7,1.7,1.7,1,1,Omni Axs Software Ltd.
8-July-2020,1.7,1.7,1.7,1.7,50,1,Omni Axs Software Ltd.
3-July-2020,1.62,1.62,1.62,1.62,300,1,Omni Axs Software Ltd.
30-June-2020,1.7,1.7,1.7,1.7,127,4,Omni Axs Software Ltd.
25-June-2020,1.67,1.67,1.67,1.67,1000,1,Omni Axs Software Ltd.
24-June-2020,1.66,1.74,1.66,1.67,1505,4,Omni Axs Software Ltd.
23-June-2020,1.66,1.66,1.66,1.66,108,2,Omni Axs Software Ltd.
22-June-2020,1.63,1.68,1.63,1.66,2990,4,Omni Axs Software Ltd.
19-June-2020,1.79,1.79,1.71,1.71,2184,2,Omni Axs Software Ltd.
18-June-2020,1.76,1.84,1.75,1.79,3735,7,Omni Axs Software Ltd.
8-June-2020,1.76,1.76,1.76,1.76,8,2,Omni Axs Software Ltd.
5-June-2020,1.85,1.85,1.85,1.85,1000,2,Omni Axs Software Ltd.
2-June-2020,1.85,1.85,1.85,1.85,300,1,Omni Axs Software Ltd.
29-May-2020,1.87,1.87,1.87,1.87,125,1,Omni Axs Software Ltd.
5-May-2020,1.8,1.8,1.8,1.8,51,1,Omni Axs Software Ltd.
28-April-2020,1.8,1.8,1.8,1.8,30,1,Omni Axs Software Ltd.
27-April-2020,1.88,1.88,1.88,1.88,10,1,Omni Axs Software Ltd.
24-April-2020,1.88,1.88,1.88,1.88,100,1,Omni Axs Software Ltd.
16-April-2020,1.88,1.88,1.88,1.88,7,1,Omni Axs Software Ltd.
20-March-2020,1.82,1.82,1.82,1.82,50,1,Omni Axs Software Ltd.
13-March-2020,1.8,1.8,1.8,1.8,15,1,Omni Axs Software Ltd.
11-March-2020,1.84,1.84,1.83,1.83,550,2,Omni Axs Software Ltd.
9-March-2020,1.79,1.79,1.79,1.79,50,2,Omni Axs Software Ltd.
6-March-2020,1.73,1.73,1.73,1.73,65,1,Omni Axs Software Ltd.
5-March-2020,1.66,1.66,1.66,1.66,80,2,Omni Axs Software Ltd.
4-March-2020,1.6,1.6,1.6,1.6,125,1,Omni Axs Software Ltd.
27-February-2020,1.55,1.55,1.55,1.55,135,2,Omni Axs Software Ltd.
26-February-2020,1.5,1.5,1.5,1.5,125,1,Omni Axs Software Ltd.
24-February-2020,1.45,1.45,1.45,1.45,125,1,Omni Axs Software Ltd.
20-February-2020,1.4,1.4,1.4,1.4,125,1,Omni Axs Software Ltd.
19-February-2020,1.4,1.4,1.4,1.4,125,1,Omni Axs Software Ltd.
18-February-2020,1.35,1.35,1.35,1.35,400,2,Omni Axs Software Ltd.
14-February-2020,1.3,1.3,1.3,1.3,5,1,Omni Axs Software Ltd.
22-January-2020,1.24,1.24,1.24,1.24,55,1,Omni Axs Software Ltd.
13-January-2020,1.3,1.3,1.3,1.3,55,1,Omni Axs Software Ltd.
31-December-2019,1.36,1.36,1.36,1.36,125,1,Omni Axs Software Ltd.
27-December-2019,1.43,1.43,1.43,1.43,155,1,Omni Axs Software Ltd.
23-December-2019,1.5,1.5,1.5,1.5,500,1,Omni Axs Software Ltd.
20-December-2019,1.55,1.55,1.55,1.55,320,3,Omni Axs Software Ltd.
18-December-2019,1.63,1.63,1.63,1.63,500,3,Omni Axs Software Ltd.
16-December-2019,1.71,1.71,1.71,1.71,61,1,Omni Axs Software Ltd.
11-December-2019,1.71,1.71,1.71,1.71,4500,3,Omni Axs Software Ltd.
9-December-2019,1.72,1.8,1.72,1.8,509,4,Omni Axs Software Ltd.
6-December-2019,1.72,1.72,1.72,1.72,661,5,Omni Axs Software Ltd.
5-December-2019,1.9,1.9,1.81,1.81,2150,2,Omni Axs Software Ltd.
29-November-2019,1.9,1.9,1.9,1.9,250,1,Omni Axs Software Ltd.
28-November-2019,1.9,1.9,1.9,1.9,500,3,Omni Axs Software Ltd.
13-November-2019,1.9,1.9,1.9,1.9,1,1,Omni Axs Software Ltd.
7-November-2019,1.9,1.9,1.9,1.9,500,1,Omni Axs Software Ltd.
1-November-2019,1.9,1.9,1.9,1.9,4050,2,Omni Axs Software Ltd.
31-October-2019,1.97,1.97,1.97,1.97,8,1,Omni Axs Software Ltd.
30-October-2019,1.97,1.97,1.97,1.97,10,1,Omni Axs Software Ltd.
29-October-2019,2.07,2.07,2.07,2.07,51,1,Omni Axs Software Ltd.
15-October-2019,1.99,1.99,1.99,1.99,5,1,Omni Axs Software Ltd.
11-September-2019,2.05,2.05,2.05,2.05,65,1,Omni Axs Software Ltd.
27-August-2019,1.99,1.99,1.99,1.99,20,1,Omni Axs Software Ltd.
19-August-2019,1.91,1.91,1.91,1.91,100,1,Omni Axs Software Ltd.
7-August-2019,1.89,1.89,1.89,1.89,101,2,Omni Axs Software Ltd.
17-July-2019,1.83,1.83,1.83,1.83,151,2,Omni Axs Software Ltd.
15-July-2019,1.78,1.78,1.78,1.78,53,1,Omni Axs Software Ltd.
8-July-2019,1.87,1.87,1.87,1.87,55,2,Omni Axs Software Ltd.
5-July-2019,1.7,1.82,1.7,1.82,125,2,Omni Axs Software Ltd.
3-July-2019,1.75,1.75,1.75,1.75,50,1,Omni Axs Software Ltd.
2-July-2019,1.69,1.69,1.69,1.69,50,1,Omni Axs Software Ltd.
1-July-2019,1.61,1.61,1.61,1.61,10,1,Omni Axs Software Ltd.
28-June-2019,1.64,1.64,1.64,1.64,25,1,Omni Axs Software Ltd.
27-June-2019,1.63,1.63,1.62,1.62,45,2,Omni Axs Software Ltd.
26-June-2019,1.56,1.56,1.56,1.56,50,1,Omni Axs Software Ltd.
25-June-2019,1.5,1.5,1.5,1.5,50,1,Omni Axs Software Ltd.
21-June-2019,1.43,1.43,1.43,1.43,100,1,Omni Axs Software Ltd.
18-June-2019,1.5,1.5,1.5,1.5,30,1,Omni Axs Software Ltd.
13-June-2019,1.4,1.43,1.4,1.43,5000,6,Omni Axs Software Ltd.
29-May-2019,1.37,1.37,1.37,1.37,200,1,Omni Axs Software Ltd.
28-May-2019,1.44,1.44,1.44,1.44,100,1,Omni Axs Software Ltd.
27-May-2019,1.51,1.64,1.51,1.51,300,3,Omni Axs Software Ltd.
24-May-2019,1.58,1.58,1.58,1.58,200,1,Omni Axs Software Ltd.
23-May-2019,1.66,1.66,1.66,1.66,200,2,Omni Axs Software Ltd.
22-May-2019,1.74,1.74,1.74,1.74,500,1,Omni Axs Software Ltd.
20-May-2019,1.83,1.83,1.83,1.83,300,1,Omni Axs Software Ltd.
17-May-2019,1.92,1.92,1.92,1.92,100,1,Omni Axs Software Ltd.
16-May-2019,2.02,2.02,2.02,2.02,100,1,Omni Axs Software Ltd.
6-May-2019,2.12,2.12,2.12,2.12,1500,2,Omni Axs Software Ltd.
8-April-2019,2.13,2.23,2.13,2.23,652,2,Omni Axs Software Ltd.
18-March-2019,2.13,2.13,2.13,2.13,1100,5,Omni Axs Software Ltd.
14-March-2019,2.03,2.03,2.03,2.03,260,1,Omni Axs Software Ltd.
13-March-2019,1.94,1.94,1.94,1.94,1000,3,Omni Axs Software Ltd.
11-March-2019,1.85,1.85,1.85,1.85,1200,2,Omni Axs Software Ltd.
8-March-2019,1.77,1.77,1.77,1.77,1200,2,Omni Axs Software Ltd.
6-March-2019,1.69,1.69,1.69,1.69,1200,2,Omni Axs Software Ltd.
5-March-2019,1.61,1.61,1.61,1.61,1200,2,Omni Axs Software Ltd.
28-February-2019,1.54,1.54,1.54,1.54,200,2,Omni Axs Software Ltd.
27-February-2019,1.47,1.54,1.47,1.54,650,2,Omni Axs Software Ltd.
26-February-2019,1.47,1.47,1.47,1.47,500,1,Omni Axs Software Ltd.
21-February-2019,1.4,1.4,1.4,1.4,600,2,Omni Axs Software Ltd.
20-February-2019,1.34,1.34,1.34,1.34,1100,2,Omni Axs Software Ltd.
19-February-2019,1.28,1.28,1.28,1.28,601,1,Omni Axs Software Ltd.
12-February-2019,1.2,1.22,1.2,1.22,1600,2,Omni Axs Software Ltd.
11-February-2019,1.17,1.17,1.17,1.17,1352,4,Omni Axs Software Ltd.
7-February-2019,1.12,1.12,1.12,1.12,1000,1,Omni Axs Software Ltd.
6-February-2019,1.17,1.17,1.17,1.17,500,1,Omni Axs Software Ltd.
1-February-2019,1.3,1.3,1.23,1.23,800,2,Omni Axs Software Ltd.
18-January-2019,1.29,1.29,1.29,1.29,446,1,Omni Axs Software Ltd.
3-January-2019,1.23,1.23,1.23,1.23,550,1,Omni Axs Software Ltd.
2-January-2019,1.29,1.29,1.29,1.29,200,1,Omni Axs Software Ltd.
27-December-2018,1.23,1.23,1.23,1.23,100,1,Omni Axs Software Ltd.
26-December-2018,1.28,1.28,1.28,1.28,333,1,Omni Axs Software Ltd.
13-December-2018,1.35,1.35,1.33,1.34,932,3,Omni Axs Software Ltd.
5-December-2018,1.37,1.47,1.33,1.33,1075,5,Omni Axs Software Ltd.
30-November-2018,1.4,1.4,1.4,1.4,300,1,Omni Axs Software Ltd.
29-November-2018,1.41,1.41,1.41,1.41,700,2,Omni Axs Software Ltd.
13-November-2018,1.41,1.41,1.4,1.4,1600,2,Omni Axs Software Ltd.
9-November-2018,1.45,1.45,1.45,1.45,5400,9,Omni Axs Software Ltd.
30-October-2018,1.43,1.43,1.43,1.43,2000,2,Omni Axs Software Ltd.
25-October-2018,1.5,1.5,1.36,1.5,400,3,Omni Axs Software Ltd.
24-October-2018,1.43,1.43,1.43,1.43,300,2,Omni Axs Software Ltd.
10-October-2018,1.37,1.37,1.37,1.37,400,1,Omni Axs Software Ltd.
8-October-2018,1.51,1.51,1.44,1.44,5026,3,Omni Axs Software Ltd.
27-September-2018,1.52,1.52,1.51,1.51,1000,2,Omni Axs Software Ltd.
19-September-2018,1.6,1.6,1.54,1.54,6186,3,Omni Axs Software Ltd.
14-September-2018,1.57,1.57,1.57,1.57,400,1,Omni Axs Software Ltd.
6-September-2018,1.54,1.54,1.54,1.54,900,4,Omni Axs Software Ltd.
5-September-2018,1.57,1.57,1.57,1.57,200,2,Omni Axs Software Ltd.
4-September-2018,1.6,1.6,1.59,1.6,7579,7,Omni Axs Software Ltd.
3-September-2018,1.57,1.63,1.57,1.62,1125,4,Omni Axs Software Ltd.
27-August-2018,1.61,1.61,1.6,1.6,721,2,Omni Axs Software Ltd.
21-August-2018,1.68,1.68,1.62,1.62,4800,9,Omni Axs Software Ltd.
17-August-2018,1.65,1.65,1.65,1.65,400,2,Omni Axs Software Ltd.
14-August-2018,1.68,1.68,1.68,1.68,500,1,Omni Axs Software Ltd.
8-August-2018,1.65,1.65,1.65,1.65,300,3,Omni Axs Software Ltd.
7-August-2018,1.62,1.63,1.62,1.62,9283,16,Omni Axs Software Ltd.
6-August-2018,1.65,1.65,1.65,1.65,1125,3,Omni Axs Software Ltd.
3-August-2018,1.68,1.68,1.68,1.68,1125,3,Omni Axs Software Ltd.
2-August-2018,1.71,1.71,1.71,1.71,201,1,Omni Axs Software Ltd.
1-August-2018,1.74,1.74,1.74,1.74,16969,5,Omni Axs Software Ltd.
31-July-2018,1.77,1.77,1.77,1.77,500,3,Omni Axs Software Ltd.
27-July-2018,1.8,1.8,1.8,1.8,200,2,Omni Axs Software Ltd.
25-July-2018,1.83,1.83,1.83,1.83,1,1,Omni Axs Software Ltd.
24-July-2018,1.86,1.86,1.86,1.86,350,4,Omni Axs Software Ltd.
23-July-2018,1.89,1.89,1.89,1.89,101,1,Omni Axs Software Ltd.
20-July-2018,1.89,1.92,1.89,1.92,131,2,Omni Axs Software Ltd.
18-July-2018,1.92,1.92,1.92,1.92,211,2,Omni Axs Software Ltd.
16-July-2018,1.95,1.95,1.95,1.95,5275,8,Omni Axs Software Ltd.
6-July-2018,1.98,1.98,1.98,1.98,5125,7,Omni Axs Software Ltd.
5-July-2018,2.02,2.02,2.02,2.02,50221,34,Omni Axs Software Ltd.
13-June-2018,2.06,2.06,2.06,2.06,5,1,Omni Axs Software Ltd.
12-June-2018,2.06,2.06,2.06,2.06,51,1,Omni Axs Software Ltd.
11-June-2018,2.06,2.06,2.06,2.06,1585,2,Omni Axs Software Ltd.
8-June-2018,2.16,2.38,2.16,2.16,20850,7,Omni Axs Software Ltd.
7-June-2018,2.27,2.27,2.27,2.27,1000,2,Omni Axs Software Ltd.
6-June-2018,2.38,2.38,2.38,2.38,100,1,Omni Axs Software Ltd.
5-June-2018,2.5,2.5,2.5,2.5,1000,1,Omni Axs Software Ltd.
4-June-2018,2.63,2.63,2.63,2.63,1000,2,Omni Axs Software Ltd.
1-June-2018,2.76,2.76,2.76,2.76,1000,1,Omni Axs Software Ltd.
30-May-2018,2.85,2.9,2.85,2.9,1010,2,Omni Axs Software Ltd.
29-May-2018,3.19,3.19,2.89,3.0,1655,4,Omni Axs Software Ltd.
28-May-2018,3.33,3.33,3.04,3.04,1170,7,Omni Axs Software Ltd.
25-May-2018,3.2,3.2,3.2,3.2,460,2,Omni Axs Software Ltd.
22-May-2018,3.2,3.36,3.2,3.36,150,2,Omni Axs Software Ltd.
17-May-2018,3.2,3.2,3.2,3.2,60,1,Omni Axs Software Ltd.
16-May-2018,3.07,3.07,3.07,3.07,400,1,Omni Axs Software Ltd.
14-May-2018,3.22,3.22,2.93,2.93,1262,3,Omni Axs Software Ltd.
11-May-2018,3.0,3.15,3.0,3.08,2941,7,Omni Axs Software Ltd.
9-May-2018,3.0,3.0,3.0,3.0,10,1,Omni Axs Software Ltd.
27-April-2018,3.0,3.0,3.0,3.0,500,1,Omni Axs Software Ltd.
26-April-2018,2.97,2.97,2.97,2.97,100,1,Omni Axs Software Ltd.
16-April-2018,2.84,2.84,2.84,2.84,5,1,Omni Axs Software Ltd.
12-April-2018,2.84,2.84,2.84,2.84,100,1,Omni Axs Software Ltd.
10-April-2018,2.74,2.74,2.74,2.74,1,1,Omni Axs Software Ltd.
9-April-2018,2.74,2.74,2.74,2.74,100,1,Omni Axs Software Ltd.
19-March-2018,2.59,2.61,2.59,2.61,150,3,Omni Axs Software Ltd.
13-March-2018,2.5,2.5,2.5,2.5,52,1,Omni Axs Software Ltd.
6-March-2018,2.4,2.4,2.4,2.4,50,1,Omni Axs Software Ltd.
5-March-2018,2.36,2.36,2.36,2.36,100,1,Omni Axs Software Ltd.
28-February-2018,2.15,2.25,2.15,2.25,320,3,Omni Axs Software Ltd.
27-February-2018,2.15,2.15,2.15,2.15,4100,5,Omni Axs Software Ltd.
26-February-2018,2.03,2.05,2.03,2.05,668,3,Omni Axs Software Ltd.
23-February-2018,1.96,1.96,1.96,1.96,400,1,Omni Axs Software Ltd.
22-February-2018,1.87,1.87,1.87,1.87,3109,3,Omni Axs Software Ltd.
21-February-2018,1.79,1.79,1.79,1.79,943769,34,Omni Axs Software Ltd.
16-February-2018,1.7,1.71,1.7,1.71,1401,3,Omni Axs Software Ltd.
15-February-2018,1.69,1.69,1.69,1.69,83,1,Omni Axs Software Ltd.
14-February-2018,1.61,1.61,1.61,1.61,85,1,Omni Axs Software Ltd.
7-February-2018,1.6,1.6,1.6,1.6,100,1,Omni Axs Software Ltd.
5-February-2018,1.6,1.6,1.6,1.6,700,1,Omni Axs Software Ltd.
1-February-2018,1.63,1.63,1.63,1.63,500,1,Omni Axs Software Ltd.
30-January-2018,1.71,1.71,1.71,1.71,10500,4,Omni Axs Software Ltd.
24-January-2018,1.8,1.8,1.8,1.8,200,1,Omni Axs Software Ltd.
18-January-2018,1.89,1.89,1.89,1.89,107000,5,Omni Axs Software Ltd.
17-January-2018,1.64,1.8,1.64,1.8,80500,4,Omni Axs Software Ltd.
9-January-2018,1.74,1.74,1.72,1.72,4405,6,Omni Axs Software Ltd.
8-January-2018,1.81,1.81,1.81,1.81,511,1,Omni Axs Software Ltd.
5-January-2018,1.93,1.93,1.9,1.9,1250,4,Omni Axs Software Ltd.
3-January-2018,2.0,2.0,2.0,2.0,405,2,Omni Axs Software Ltd.
1-January-2018,1.9,2.0,1.9,2.0,1200,4,Omni Axs Software Ltd.
29-December-2017,2.0,2.0,2.0,2.0,100,1,Omni Axs Software Ltd.
28-December-2017,1.76,1.93,1.76,1.93,1050,3,Omni Axs Software Ltd.
27-December-2017,1.84,1.84,1.84,1.84,600,1,Omni Axs Software Ltd.
22-December-2017,1.83,1.83,1.75,1.76,553,4,Omni Axs Software Ltd.
20-December-2017,1.75,1.75,1.75,1.75,900,1,Omni Axs Software Ltd.
19-December-2017,1.76,1.76,1.76,1.76,101,1,Omni Axs Software Ltd.
14-December-2017,1.75,1.75,1.75,1.75,749,2,Omni Axs Software Ltd.
13-December-2017,1.75,1.75,1.75,1.75,1000,1,Omni Axs Software Ltd.
12-December-2017,1.59,1.75,1.59,1.75,501,2,Omni Axs Software Ltd.
11-December-2017,1.67,1.67,1.67,1.67,500,1,Omni Axs Software Ltd.
8-December-2017,1.83,1.83,1.75,1.75,400,2,Omni Axs Software Ltd.
5-December-2017,1.75,1.75,1.75,1.75,1115,1,Omni Axs Software Ltd.
4-December-2017,1.75,1.75,1.75,1.75,885,1,Omni Axs Software Ltd.
30-November-2017,1.75,1.75,1.75,1.75,599,1,Omni Axs Software Ltd.
29-November-2017,1.75,1.75,1.75,1.75,50000,1,Omni Axs Software Ltd.
28-November-2017,1.62,1.75,1.62,1.75,150100,2,Omni Axs Software Ltd.
27-November-2017,1.7,1.7,1.7,1.7,500,2,Omni Axs Software Ltd.
24-November-2017,1.77,1.79,1.77,1.78,736000,4,Omni Axs Software Ltd.
23-November-2017,1.95,1.95,1.86,1.86,900,4,Omni Axs Software Ltd.
22-November-2017,1.95,1.95,1.95,1.95,50,1,Omni Axs Software Ltd.
21-November-2017,2.05,2.05,2.05,2.05,1201,3,Omni Axs Software Ltd.
20-November-2017,2.15,2.15,2.15,2.15,621,3,Omni Axs Software Ltd.
17-November-2017,2.26,2.26,2.26,2.26,350,2,Omni Axs Software Ltd.
16-November-2017,2.37,2.37,2.37,2.37,1221,3,Omni Axs Software Ltd.
15-November-2017,2.5,2.5,2.29,2.49,2281,7,Omni Axs Software Ltd.
14-November-2017,2.2,2.39,2.2,2.39,9100,12,Omni Axs Software Ltd.
13-November-2017,2.4,2.4,2.3,2.3,1098,3,Omni Axs Software Ltd.
10-November-2017,2.28,2.48,2.26,2.41,14350,9,Omni Axs Software Ltd.
9-November-2017,2.38,2.38,2.28,2.37,6251,6,Omni Axs Software Ltd.
8-November-2017,2.4,2.4,2.39,2.39,35705,13,Omni Axs Software Ltd.
7-November-2017,2.51,2.51,2.51,2.51,1089,5,Omni Axs Software Ltd.
6-November-2017,2.44,2.44,2.44,2.44,1067,2,Omni Axs Software Ltd.
3-November-2017,2.33,2.33,2.33,2.33,1000,2,Omni Axs Software Ltd.
2-November-2017,2.22,2.22,2.22,2.22,1200,5,Omni Axs Software Ltd.
1-November-2017,2.22,2.22,2.12,2.12,4217,10,Omni Axs Software Ltd.
31-October-2017,2.22,2.22,2.12,2.12,2996,7,Omni Axs Software Ltd.
30-October-2017,2.12,2.12,2.12,2.12,6000,6,Omni Axs Software Ltd.
27-October-2017,2.12,2.12,2.02,2.02,18039,14,Omni Axs Software Ltd.
26-October-2017,2.03,2.03,1.85,2.02,25780,16,Omni Axs Software Ltd.
25-October-2017,1.94,1.94,1.94,1.94,700,2,Omni Axs Software Ltd.
24-October-2017,1.8,1.85,1.8,1.85,7000,3,Omni Axs Software Ltd.
23-October-2017,1.78,1.87,1.78,1.87,2401,4,Omni Axs Software Ltd.
19-October-2017,1.79,1.79,1.79,1.79,500,1,Omni Axs Software Ltd.
18-October-2017,1.71,1.71,1.7,1.71,10201,8,Omni Axs Software Ltd.
17-October-2017,1.63,1.63,1.63,1.63,601,1,Omni Axs Software Ltd.
16-October-2017,1.56,1.56,1.56,1.56,76,1,Omni Axs Software Ltd.
13-October-2017,1.54,1.54,1.4,1.54,7507,6,Omni Axs Software Ltd.
12-October-2017,1.47,1.47,1.47,1.47,500,1,Omni Axs Software Ltd.
11-October-2017,1.41,1.41,1.3,1.4,5600,3,Omni Axs Software Ltd.
10-October-2017,1.35,1.35,1.35,1.35,600,1,Omni Axs Software Ltd.
6-October-2017,1.31,1.31,1.28,1.29,1200,5,Omni Axs Software Ltd.
4-October-2017,1.34,1.34,1.34,1.34,251,1,Omni Axs Software Ltd.
3-October-2017,1.42,1.42,1.41,1.41,400,2,Omni Axs Software Ltd.
29-September-2017,1.51,1.51,1.37,1.47,1160,8,Omni Axs Software Ltd.
28-September-2017,1.51,1.51,1.44,1.44,276,3,Omni Axs Software Ltd.
27-September-2017,1.44,1.44,1.44,1.44,600,2,Omni Axs Software Ltd.
25-September-2017,1.26,1.38,1.26,1.38,4500,4,Omni Axs Software Ltd.
22-September-2017,1.44,1.44,1.32,1.32,1500,2,Omni Axs Software Ltd.
21-September-2017,1.38,1.38,1.38,1.38,1000,1,Omni Axs Software Ltd.
20-September-2017,1.32,1.32,1.32,1.32,600,1,Omni Axs Software Ltd.
19-September-2017,1.14,1.26,1.14,1.26,3530,11,Omni Axs Software Ltd.
18-September-2017,1.18,1.3,1.18,1.2,5000,3,Omni Axs Software Ltd.
13-September-2017,1.24,1.36,1.24,1.24,2919,7,Omni Axs Software Ltd.
8-September-2017,1.3,1.3,1.3,1.3,35,1,Omni Axs Software Ltd.
7-September-2017,1.24,1.36,1.24,1.36,83410,19,Omni Axs Software Ltd.
6-September-2017,1.3,1.3,1.3,1.3,1121,3,Omni Axs Software Ltd.
5-September-2017,1.36,1.36,1.36,1.36,3072,8,Omni Axs Software Ltd.
4-September-2017,1.43,1.43,1.43,1.43,600,3,Omni Axs Software Ltd.
1-September-2017,1.38,1.5,1.38,1.5,1477,6,Omni Axs Software Ltd.
31-August-2017,1.55,1.55,1.41,1.45,1650,6,Omni Axs Software Ltd.
30-August-2017,1.48,1.48,1.48,1.48,1000,3,Omni Axs Software Ltd.
29-August-2017,1.55,1.55,1.55,1.55,100,1,Omni Axs Software Ltd.
24-August-2017,1.63,1.63,1.63,1.63,7268,3,Omni Axs Software Ltd.
23-August-2017,1.71,1.71,1.71,1.71,1000,2,Omni Axs Software Ltd.
22-August-2017,1.7,1.79,1.7,1.79,1050,3,Omni Axs Software Ltd.
21-August-2017,1.78,1.78,1.78,1.78,100,1,Omni Axs Software Ltd.
18-August-2017,1.76,1.84,1.68,1.72,3100,4,Omni Axs Software Ltd.
16-August-2017,1.76,1.76,1.76,1.76,100,1,Omni Axs Software Ltd.
14-August-2017,1.6,1.68,1.6,1.68,1070,2,Omni Axs Software Ltd.
10-August-2017,1.68,1.68,1.68,1.68,500,1,Omni Axs Software Ltd.
9-August-2017,1.61,1.77,1.61,1.76,2211,4,Omni Axs Software Ltd.
8-August-2017,1.77,1.77,1.69,1.69,990,3,Omni Axs Software Ltd.
7-August-2017,1.63,1.77,1.63,1.77,2060,2,Omni Axs Software Ltd.
4-August-2017,1.71,1.71,1.71,1.71,50,1,Omni Axs Software Ltd.
1-August-2017,1.64,1.79,1.64,1.64,1800,3,Omni Axs Software Ltd.
31-July-2017,1.8,1.8,1.66,1.72,500,3,Omni Axs Software Ltd.
28-July-2017,1.59,1.74,1.59,1.74,300,2,Omni Axs Software Ltd.
27-July-2017,1.67,1.79,1.67,1.67,6400,4,Omni Axs Software Ltd.
26-July-2017,1.66,1.75,1.66,1.75,478,2,Omni Axs Software Ltd.
25-July-2017,1.74,1.74,1.74,1.74,50,1,Omni Axs Software Ltd.
24-July-2017,1.68,1.68,1.68,1.68,50,1,Omni Axs Software Ltd.
21-July-2017,1.47,1.61,1.47,1.61,2021,5,Omni Axs Software Ltd.
20-July-2017,1.54,1.54,1.54,1.54,1351,2,Omni Axs Software Ltd.
19-July-2017,1.45,1.59,1.45,1.47,22699,18,Omni Axs Software Ltd.
14-July-2017,1.65,1.65,1.52,1.52,5200,3,Omni Axs Software Ltd.
13-July-2017,1.47,1.6,1.47,1.59,2880,5,Omni Axs Software Ltd.
12-July-2017,1.65,1.65,1.54,1.54,6700,9,Omni Axs Software Ltd.
11-July-2017,1.62,1.62,1.62,1.62,351,1,Omni Axs Software Ltd.
7-July-2017,1.47,1.61,1.47,1.56,11900,11,Omni Axs Software Ltd.
6-July-2017,1.55,1.55,1.52,1.54,3000,4,Omni Axs Software Ltd.
5-July-2017,1.48,1.48,1.48,1.48,15800,4,Omni Axs Software Ltd.
4-July-2017,1.41,1.41,1.41,1.41,200,1,Omni Axs Software Ltd.
3-July-2017,1.35,1.35,1.35,1.35,480,1,Omni Axs Software Ltd.
28-June-2017,1.29,1.29,1.29,1.29,27530,4,Omni Axs Software Ltd.
27-June-2017,1.35,1.35,1.35,1.35,20000,16,Omni Axs Software Ltd.
23-June-2017,1.42,1.42,1.42,1.42,1501,3,Omni Axs Software Ltd.
22-June-2017,1.39,1.39,1.35,1.36,4001,6,Omni Axs Software Ltd.
21-June-2017,1.47,1.47,1.33,1.33,1000,4,Omni Axs Software Ltd.
20-June-2017,1.54,1.54,1.4,1.4,500,3,Omni Axs Software Ltd.
19-June-2017,1.47,1.47,1.33,1.47,279,3,Omni Axs Software Ltd.
16-June-2017,1.4,1.4,1.4,1.4,100,1,Omni Axs Software Ltd.
15-June-2017,1.22,1.34,1.22,1.34,1951,3,Omni Axs Software Ltd.
14-June-2017,1.4,1.4,1.28,1.28,1000,3,Omni Axs Software Ltd.
13-June-2017,1.22,1.34,1.22,1.34,220,2,Omni Axs Software Ltd.
9-June-2017,1.28,1.28,1.28,1.28,2500,4,Omni Axs Software Ltd.
8-June-2017,1.22,1.22,1.22,1.22,600,1,Omni Axs Software Ltd.
7-June-2017,1.17,1.17,1.17,1.17,1500,3,Omni Axs Software Ltd.
6-June-2017,1.12,1.12,1.12,1.12,2500,2,Omni Axs Software Ltd.
30-May-2017,1.07,1.07,1.07,1.07,200,1,Omni Axs Software Ltd.
26-May-2017,1.02,1.02,1.02,1.02,1740,3,Omni Axs Software Ltd.
22-May-2017,0.98,0.98,0.98,0.98,500,1,Omni Axs Software Ltd.
11-May-2017,0.94,0.94,0.94,0.94,1884,1,Omni Axs Software Ltd.
10-May-2017,0.9,0.9,0.9,0.9,400,2,Omni Axs Software Ltd.
9-May-2017,0.94,0.94,0.94,0.94,1000,3,Omni Axs Software Ltd.
5-May-2017,1.02,1.02,0.98,0.98,962,3,Omni Axs Software Ltd.
4-May-2017,1.03,1.03,1.03,1.03,797,3,Omni Axs Software Ltd.
3-May-2017,1.18,1.18,1.08,1.08,2150,8,Omni Axs Software Ltd.
2-May-2017,1.23,1.23,1.13,1.13,4158,7,Omni Axs Software Ltd.
27-April-2017,1.1,1.18,1.1,1.18,4320,2,Omni Axs Software Ltd.
26-April-2017,1.14,1.14,1.13,1.13,200,2,Omni Axs Software Ltd.
24-April-2017,1.17,1.17,1.17,1.17,200,1,Omni Axs Software Ltd.
19-April-2017,1.22,1.22,1.22,1.22,2,1,Omni Axs Software Ltd.
17-April-2017,1.26,1.27,1.26,1.26,1700,4,Omni Axs Software Ltd.
13-April-2017,1.32,1.32,1.32,1.32,600,2,Omni Axs Software Ltd.
12-April-2017,1.38,1.38,1.38,1.38,500,1,Omni Axs Software Ltd.
11-April-2017,1.38,1.45,1.38,1.45,250,2,Omni Axs Software Ltd.
10-April-2017,1.45,1.45,1.45,1.45,500,1,Omni Axs Software Ltd.
7-April-2017,1.52,1.52,1.52,1.52,600,2,Omni Axs Software Ltd.
6-April-2017,1.76,1.76,1.6,1.6,550,2,Omni Axs Software Ltd.
5-April-2017,1.68,1.68,1.68,1.68,101,1,Omni Axs Software Ltd.
3-April-2017,1.62,1.62,1.62,1.62,450,5,Omni Axs Software Ltd.
30-March-2017,1.7,1.7,1.7,1.7,100,1,Omni Axs Software Ltd.
29-March-2017,1.62,1.62,1.62,1.62,9606,1,Omni Axs Software Ltd.
28-March-2017,1.41,1.55,1.41,1.55,1321,2,Omni Axs Software Ltd.
27-March-2017,1.48,1.48,1.48,1.48,1000,1,Omni Axs Software Ltd.
24-March-2017,1.52,1.55,1.52,1.55,1050,2,Omni Axs Software Ltd.
23-March-2017,1.54,1.6,1.54,1.6,1050,2,Omni Axs Software Ltd.
22-March-2017,1.62,1.62,1.62,1.62,1000,1,Omni Axs Software Ltd.
21-March-2017,1.54,1.7,1.54,1.7,2550,2,Omni Axs Software Ltd.
20-March-2017,1.6,1.62,1.48,1.62,10005,4,Omni Axs Software Ltd.
17-March-2017,1.55,1.55,1.55,1.55,2027,1,Omni Axs Software Ltd.
8-March-2017,1.55,1.55,1.55,1.55,300,2,Omni Axs Software Ltd.
7-March-2017,1.48,1.48,1.48,1.48,487892,9,Omni Axs Software Ltd.
6-March-2017,1.35,1.41,1.35,1.41,1160000,21,Omni Axs Software Ltd.
3-March-2017,1.35,1.35,1.35,1.35,500000,8,Omni Axs Software Ltd.
28-February-2017,1.38,1.38,1.34,1.34,987,3,Omni Axs Software Ltd.
22-February-2017,1.37,1.41,1.37,1.41,1020,2,Omni Axs Software Ltd.
20-February-2017,1.39,1.44,1.39,1.44,400,2,Omni Axs Software Ltd.
17-February-2017,1.46,1.46,1.46,1.46,312,1,Omni Axs Software Ltd.
15-February-2017,1.48,1.48,1.41,1.46,2900,4,Omni Axs Software Ltd.
14-February-2017,1.48,1.48,1.48,1.48,100,1,Omni Axs Software Ltd.
13-February-2017,1.45,1.45,1.45,1.45,11050,1,Omni Axs Software Ltd.
9-February-2017,1.43,1.43,1.43,1.43,6000,3,Omni Axs Software Ltd.
8-February-2017,1.5,1.5,1.45,1.5,650,3,Omni Axs Software Ltd.
7-February-2017,1.52,1.52,1.52,1.52,100,1,Omni Axs Software Ltd.
6-February-2017,1.5,1.5,1.5,1.5,100,1,Omni Axs Software Ltd.
3-February-2017,1.45,1.45,1.45,1.45,5000,3,Omni Axs Software Ltd.
2-February-2017,1.59,1.59,1.48,1.52,200,3,Omni Axs Software Ltd.
1-February-2017,1.55,1.55,1.55,1.55,5300,4,Omni Axs Software Ltd.
31-January-2017,1.63,1.63,1.63,1.63,5100,2,Omni Axs Software Ltd.
30-January-2017,1.71,1.71,1.71,1.71,5120,3,Omni Axs Software Ltd.
27-January-2017,1.8,1.8,1.8,1.8,50,1,Omni Axs Software Ltd.
25-January-2017,1.79,1.79,1.79,1.79,2000,1,Omni Axs Software Ltd.
24-January-2017,1.77,1.94,1.77,1.88,15125,7,Omni Axs Software Ltd.
23-January-2017,1.97,1.97,1.86,1.86,3000,2,Omni Axs Software Ltd.
20-January-2017,2.0,2.0,1.86,1.95,6332,6,Omni Axs Software Ltd.
18-January-2017,1.95,1.95,1.79,1.95,270,5,Omni Axs Software Ltd.
17-January-2017,1.71,1.89,1.71,1.88,10848,8,Omni Axs Software Ltd.
16-January-2017,1.8,1.8,1.8,1.8,10000,5,Omni Axs Software Ltd.
13-January-2017,1.89,1.89,1.89,1.89,5000,3,Omni Axs Software Ltd.
12-January-2017,1.98,1.98,1.98,1.98,100,1,Omni Axs Software Ltd.
11-January-2017,1.98,1.98,1.98,1.98,100,1,Omni Axs Software Ltd.
10-January-2017,1.9,1.98,1.9,1.98,15000,4,Omni Axs Software Ltd.
9-January-2017,1.72,1.9,1.72,1.9,650,2,Omni Axs Software Ltd.
6-January-2017,1.81,1.81,1.81,1.81,200,1,Omni Axs Software Ltd.
5-January-2017,1.65,1.73,1.65,1.73,600,2,Omni Axs Software Ltd.
4-January-2017,1.81,1.81,1.65,1.65,3000,4,Omni Axs Software Ltd.
3-January-2017,1.73,1.73,1.73,1.73,6297,4,Omni Axs Software Ltd.
2-January-2017,1.65,1.65,1.51,1.65,2715,11,Omni Axs Software Ltd.
30-December-2016,1.58,1.58,1.44,1.58,4700,7,Omni Axs Software Ltd.
29-December-2016,1.51,1.51,1.51,1.51,6235,9,Omni Axs Software Ltd.
26-December-2016,1.44,1.44,1.44,1.44,50,1,Omni Axs Software Ltd.
23-December-2016,1.51,1.51,1.39,1.51,1700,4,Omni Axs Software Ltd.
22-December-2016,1.45,1.45,1.44,1.44,15221,3,Omni Axs Software Ltd.
21-December-2016,1.58,1.58,1.51,1.51,55000,14,Omni Axs Software Ltd.
15-December-2016,1.58,1.58,1.58,1.58,1200,2,Omni Axs Software Ltd.
14-December-2016,1.58,1.58,1.58,1.58,2225,3,Omni Axs Software Ltd.
12-December-2016,1.58,1.58,1.58,1.58,915,2,Omni Axs Software Ltd.
9-December-2016,1.58,1.58,1.58,1.58,600,2,Omni Axs Software Ltd.
8-December-2016,1.54,1.54,1.54,1.54,245,1,Omni Axs Software Ltd.
7-December-2016,1.47,1.47,1.47,1.47,700,2,Omni Axs Software Ltd.
6-December-2016,1.4,1.4,1.4,1.4,700,1,Omni Axs Software Ltd.
2-December-2016,1.34,1.34,1.34,1.34,2700,3,Omni Axs Software Ltd.
1-December-2016,1.28,1.28,1.28,1.28,700,1,Omni Axs Software Ltd.
30-November-2016,1.22,1.22,1.22,1.22,100,1,Omni Axs Software Ltd.
22-November-2016,1.22,1.22,1.22,1.22,1800,2,Omni Axs Software Ltd.
18-November-2016,1.22,1.22,1.22,1.22,700,1,Omni Axs Software Ltd.
17-November-2016,1.22,1.22,1.22,1.22,2000,1,Omni Axs Software Ltd.
16-November-2016,1.18,1.18,1.18,1.18,3400,3,Omni Axs Software Ltd.
15-November-2016,1.13,1.13,1.13,1.13,10450,4,Omni Axs Software Ltd.
11-November-2016,1.08,1.08,1.08,1.08,7600,6,Omni Axs Software Ltd.
10-November-2016,1.03,1.03,1.03,1.03,499543,7,Omni Axs Software Ltd.
9-November-2016,0.98,0.99,0.98,0.99,1137279,12,Omni Axs Software Ltd.
8-November-2016,1.03,1.03,0.95,0.95,3900,7,Omni Axs Software Ltd.
7-November-2016,0.99,0.99,0.99,0.99,615,2,Omni Axs Software Ltd.
4-November-2016,0.95,0.95,0.95,0.95,155143,1,Omni Axs Software Ltd.
1-November-2016,0.98,0.98,0.98,0.98,550,2,Omni Axs Software Ltd.
27-October-2016,0.94,0.94,0.94,0.94,115,1,Omni Axs Software Ltd.
26-October-2016,0.9,0.9,0.9,0.9,83300,1,Omni Axs Software Ltd.
25-October-2016,0.94,0.94,0.94,0.94,3000,2,Omni Axs Software Ltd.
21-October-2016,0.98,0.98,0.98,0.98,100,1,Omni Axs Software Ltd.
17-October-2016,0.88,0.95,0.88,0.95,6506,4,Omni Axs Software Ltd.
13-October-2016,0.92,0.92,0.92,0.92,4600,4,Omni Axs Software Ltd.
7-October-2016,0.96,0.96,0.96,0.96,50,1,Omni Axs Software Ltd.
4-October-2016,0.85,0.92,0.85,0.92,200,2,Omni Axs Software Ltd.
30-September-2016,0.81,0.89,0.81,0.89,10050,4,Omni Axs Software Ltd.
29-September-2016,0.85,0.85,0.85,0.85,15500,9,Omni Axs Software Ltd.
28-September-2016,0.89,0.89,0.89,0.89,20000,21,Omni Axs Software Ltd.
27-September-2016,0.93,0.93,0.93,0.93,5000,2,Omni Axs Software Ltd.
26-September-2016,0.97,0.97,0.97,0.97,120,1,Omni Axs Software Ltd.
23-September-2016,0.87,0.95,0.87,0.95,4850,5,Omni Axs Software Ltd.
21-September-2016,0.91,0.95,0.91,0.91,2646,4,Omni Axs Software Ltd.
19-September-2016,0.95,0.95,0.95,0.95,50,1,Omni Axs Software Ltd.
16-September-2016,0.92,0.92,0.92,0.92,500,1,Omni Axs Software Ltd.
12-September-2016,0.92,0.92,0.92,0.92,50,1,Omni Axs Software Ltd.
8-September-2016,0.88,0.88,0.88,0.88,50,2,Omni Axs Software Ltd.
7-September-2016,0.86,0.86,0.84,0.84,13604,13,Omni Axs Software Ltd.
6-September-2016,0.82,0.82,0.82,0.82,5195,5,Omni Axs Software Ltd.
2-September-2016,0.79,0.79,0.79,0.79,550,2,Omni Axs Software Ltd.
1-September-2016,0.76,0.76,0.76,0.76,50,1,Omni Axs Software Ltd.
30-August-2016,0.73,0.73,0.73,0.73,50,1,Omni Axs Software Ltd.
29-August-2016,0.7,0.72,0.7,0.72,6550,3,Omni Axs Software Ltd.
26-August-2016,0.69,0.69,0.69,0.69,50,1,Omni Axs Software Ltd.
22-August-2016,0.66,0.66,0.66,0.66,1000,1,Omni Axs Software Ltd.
16-August-2016,0.63,0.63,0.63,0.63,700,1,Omni Axs Software Ltd.
11-August-2016,0.6,0.6,0.6,0.6,1,1,Omni Axs Software Ltd.
10-August-2016,0.58,0.58,0.58,0.58,3300,3,Omni Axs Software Ltd.
9-August-2016,0.56,0.56,0.56,0.56,3000,1,Omni Axs Software Ltd.
5-August-2016,0.54,0.54,0.54,0.54,1000,2,Omni Axs Software Ltd.
4-August-2016,0.52,0.52,0.52,0.52,800,1,Omni Axs Software Ltd.
20-July-2016,0.5,0.5,0.5,0.5,700,2,Omni Axs Software Ltd.
18-July-2016,0.52,0.52,0.52,0.52,400,1,Omni Axs Software Ltd.
15-July-2016,0.5,0.5,0.5,0.5,1000,2,Omni Axs Software Ltd.
1-July-2016,0.52,0.52,0.52,0.52,400,1,Omni Axs Software Ltd.
22-June-2016,0.54,0.54,0.54,0.54,350,1,Omni Axs Software Ltd.
10-June-2016,0.54,0.54,0.54,0.54,400,1,Omni Axs Software Ltd.
9-June-2016,0.5,0.52,0.5,0.52,800,3,Omni Axs Software Ltd.
1-June-2016,0.5,0.5,0.5,0.5,400,1,Omni Axs Software Ltd.
19-May-2016,0.52,0.52,0.52,0.52,4300,1,Omni Axs Software Ltd.
17-May-2016,0.5,0.5,0.5,0.5,10000,3,Omni Axs Software Ltd.
12-April-2016,0.52,0.52,0.52,0.52,900,2,Omni Axs Software Ltd.
4-March-2016,0.54,0.54,0.54,0.54,45500,4,Omni Axs Software Ltd.
25-February-2016,0.55,0.55,0.55,0.55,1400,5,Omni Axs Software Ltd.
22-February-2016,0.57,0.57,0.57,0.57,660,2,Omni Axs Software Ltd.
11-February-2016,0.59,0.59,0.59,0.59,10,1,Omni Axs Software Ltd.
10-February-2016,0.61,0.61,0.57,0.57,10000,3,Omni Axs Software Ltd.
4-January-2016,0.59,0.59,0.59,0.59,550,2,Omni Axs Software Ltd.
1-January-2016,0.57,0.57,0.57,0.57,300,2,Omni Axs Software Ltd.
22-December-2015,0.59,0.59,0.55,0.55,600,4,Omni Axs Software Ltd.
14-December-2015,0.57,0.57,0.57,0.57,1000,2,Omni Axs Software Ltd.
7-December-2015,0.6,0.6,0.6,0.6,1000,1,Omni Axs Software Ltd.
4-December-2015,0.62,0.62,0.62,0.62,200,1,Omni Axs Software Ltd.
2-December-2015,0.64,0.64,0.64,0.64,10,1,Omni Axs Software Ltd.
26-November-2015,0.67,0.67,0.67,0.67,1400,5,Omni Axs Software Ltd.
5-November-2015,0.7,0.7,0.7,0.7,300,1,Omni Axs Software Ltd.
26-October-2015,0.73,0.73,0.73,0.73,879,2,Omni Axs Software Ltd.
23-October-2015,0.76,0.76,0.76,0.76,700,1,Omni Axs Software Ltd.
21-October-2015,0.73,0.73,0.73,0.73,1000,3,Omni Axs Software Ltd.
16-October-2015,0.76,0.76,0.76,0.76,121,1,Omni Axs Software Ltd.
14-October-2015,0.73,0.73,0.73,0.73,700,1,Omni Axs Software Ltd.
1-October-2015,0.72,0.72,0.7,0.7,800,2,Omni Axs Software Ltd.
23-September-2015,0.69,0.69,0.69,0.69,900,2,Omni Axs Software Ltd.
22-September-2015,0.72,0.72,0.66,0.66,525,4,Omni Axs Software Ltd.
11-September-2015,0.69,0.69,0.69,0.69,700,1,Omni Axs Software Ltd.
8-September-2015,0.72,0.72,0.66,0.66,500,5,Omni Axs Software Ltd.
3-September-2015,0.64,0.69,0.64,0.69,900,2,Omni Axs Software Ltd.
2-September-2015,0.66,0.66,0.66,0.66,10000,4,Omni Axs Software Ltd.
1-September-2015,0.63,0.63,0.63,0.63,4100,1,Omni Axs Software Ltd.
24-August-2015,0.6,0.6,0.6,0.6,1000,2,Omni Axs Software Ltd.
21-August-2015,0.64,0.64,0.63,0.63,1000,4,Omni Axs Software Ltd.
17-August-2015,0.63,0.66,0.63,0.66,2189,3,Omni Axs Software Ltd.
14-August-2015,0.58,0.64,0.58,0.63,5811,4,Omni Axs Software Ltd.
7-August-2015,0.61,0.61,0.61,0.61,1060,2,Omni Axs Software Ltd.
24-July-2015,0.59,0.59,0.59,0.59,500,1,Omni Axs Software Ltd.
22-July-2015,0.62,0.62,0.62,0.62,455,1,Omni Axs Software Ltd.
20-July-2015,0.65,0.65,0.65,0.65,895,2,Omni Axs Software Ltd.
15-July-2015,0.62,0.62,0.62,0.62,2000,1,Omni Axs Software Ltd.
10-July-2015,0.67,0.7,0.64,0.64,18102,10,Omni Axs Software Ltd.
19-June-2015,0.67,0.67,0.67,0.67,201,2,Omni Axs Software Ltd.
18-June-2015,0.7,0.7,0.7,0.7,51,2,Omni Axs Software Ltd.
16-June-2015,0.73,0.73,0.73,0.73,1398,6,Omni Axs Software Ltd.
15-June-2015,0.76,0.76,0.76,0.76,100,1,Omni Axs Software Ltd.
9-June-2015,0.79,0.79,0.79,0.79,2300,2,Omni Axs Software Ltd.
5-June-2015,0.76,0.76,0.76,0.76,250,1,Omni Axs Software Ltd.
28-May-2015,0.8,0.8,0.8,0.8,500,1,Omni Axs Software Ltd.
26-May-2015,0.84,0.84,0.84,0.84,638,1,Omni Axs Software Ltd.
25-May-2015,0.84,0.84,0.84,0.84,4362,5,Omni Axs Software Ltd.
14-May-2015,0.8,0.8,0.8,0.8,10999,4,Omni Axs Software Ltd.
6-May-2015,0.77,0.77,0.77,0.77,535,2,Omni Axs Software Ltd.
30-April-2015,0.74,0.74,0.74,0.74,2000,6,Omni Axs Software Ltd.
27-April-2015,0.77,0.77,0.77,0.77,2900,4,Omni Axs Software Ltd.
23-April-2015,0.79,0.79,0.79,0.79,100,2,Omni Axs Software Ltd.
22-April-2015,0.76,0.76,0.76,0.76,1000,2,Omni Axs Software Ltd.
21-April-2015,0.73,0.73,0.73,0.73,299,5,Omni Axs Software Ltd.
20-April-2015,0.77,0.77,0.76,0.76,200,4,Omni Axs Software Ltd.
10-April-2015,0.8,0.8,0.8,0.8,4000,6,Omni Axs Software Ltd.
8-April-2015,0.84,0.84,0.84,0.84,200,2,Omni Axs Software Ltd.
30-March-2015,0.8,0.8,0.8,0.8,1,2,Omni Axs Software Ltd.
23-March-2015,0.82,0.83,0.82,0.83,3202,11,Omni Axs Software Ltd.
20-March-2015,0.86,0.86,0.86,0.86,425,10,Omni Axs Software Ltd.
17-March-2015,0.9,0.9,0.9,0.9,216,4,Omni Axs Software Ltd.
12-March-2015,0.87,0.94,0.87,0.94,1200,4,Omni Axs Software Ltd.
4-March-2015,0.91,0.91,0.91,0.91,100,2,Omni Axs Software Ltd.
27-February-2015,0.96,0.96,0.95,0.95,201,6,Omni Axs Software Ltd.
26-February-2015,0.99,0.99,0.99,0.99,5217,6,Omni Axs Software Ltd.
23-February-2015,0.95,0.95,0.95,0.95,62,2,Omni Axs Software Ltd.
19-February-2015,1.0,1.0,1.0,1.0,1,2,Omni Axs Software Ltd.
18-February-2015,1.0,1.02,1.0,1.0,503,11,Omni Axs Software Ltd.
16-February-2015,1.0,1.05,1.0,1.05,506,8,Omni Axs Software Ltd.
13-February-2015,1.0,1.0,1.0,1.0,1,2,Omni Axs Software Ltd.
12-February-2015,1.02,1.03,1.02,1.03,10,6,Omni Axs Software Ltd.
11-February-2015,1.01,1.02,1.01,1.02,821,8,Omni Axs Software Ltd.
10-February-2015,1.0,1.0,1.0,1.0,2,2,Omni Axs Software Ltd.
9-February-2015,1.0,1.0,1.0,1.0,2002,6,Omni Axs Software Ltd.
6-February-2015,1.0,1.05,1.0,1.05,184,6,Omni Axs Software Ltd.
5-February-2015,1.0,1.05,0.95,1.05,7429,18,Omni Axs Software Ltd.
4-February-2015,1.0,1.0,1.0,1.0,3,2,Omni Axs Software Ltd.
3-February-2015,1.05,1.05,1.05,1.05,8,2,Omni Axs Software Ltd.
2-February-2015,1.0,1.0,1.0,1.0,3,2,Omni Axs Software Ltd.
30-January-2015,1.0,1.0,1.0,1.0,3,4,Omni Axs Software Ltd.
29-January-2015,1.06,1.06,1.05,1.05,745,8,Omni Axs Software Ltd.
28-January-2015,1.06,1.06,1.06,1.06,325,4,Omni Axs Software Ltd.
27-January-2015,1.0,1.07,1.0,1.06,1005,9,Omni Axs Software Ltd.
23-January-2015,1.05,1.05,1.05,1.05,1801,9,Omni Axs Software Ltd.
22-January-2015,1.06,1.1,1.06,1.1,6643,12,Omni Axs Software Ltd.
21-January-2015,1.11,1.12,1.11,1.11,3896,8,Omni Axs Software Ltd.
20-January-2015,1.16,1.26,1.14,1.15,148106,162,Omni Axs Software Ltd.
19-January-2015,1.2,1.2,1.2,1.2,12,2,Omni Axs Software Ltd.
15-January-2015,1.21,1.21,1.21,1.21,812,6,Omni Axs Software Ltd.
14-January-2015,1.11,1.16,1.11,1.16,744,6,Omni Axs Software Ltd.
13-January-2015,1.16,1.16,1.16,1.16,6300,4,Omni Axs Software Ltd.
12-January-2015,1.18,1.18,1.18,1.18,12,2,Omni Axs Software Ltd.
9-January-2015,1.22,1.34,1.22,1.22,2231,8,Omni Axs Software Ltd.
8-January-2015,1.32,1.32,1.28,1.28,4179,7,Omni Axs Software Ltd.
7-January-2015,1.21,1.33,1.21,1.26,5160,10,Omni Axs Software Ltd.
6-January-2015,1.27,1.27,1.27,1.27,110,4,Omni Axs Software Ltd.
5-January-2015,1.21,1.33,1.21,1.33,43050,18,Omni Axs Software Ltd.
2-January-2015,1.27,1.27,1.27,1.27,100,2,Omni Axs Software Ltd.
1-January-2015,1.33,1.33,1.33,1.33,10,2,Omni Axs Software Ltd.
